,pathway,description,CV1,CV2,CV3,CV4,CV5,GF1,GF2,GF3,GF4,GF5,GF6,CV_AVG,GF_AVG,CV-GF
5,ANAEROFRUCAT-PWY,homolactic fermentation,970.6418308,974.8849361,978.1887744,1182.805538,990.1487451,351.508024,344.9462562,386.1904483,331.9760958,332.979998,350.0676419,1019.333965,349.6114107,669.7225542
6,ANAGLYCOLYSIS-PWY,glycolysis III (from glucose),1473.945161,1269.843726,1217.990361,1693.962975,1338.550356,338.1891444,330.9970742,369.9153281,316.8996034,318.3484055,336.3163641,1398.858516,335.1109866,1063.74753
9,ARGORNPROST-PWY,"arginine, ornithine and proline interconversion",56.77462256,92.49152896,87.04524923,43.87950522,38.93277153,328.237878,324.2686314,347.4409281,328.6662209,328.0203418,325.2141865,63.8247355,330.3080311,-266.4832956
10,ARGSYN-PWY,L-arginine biosynthesis I (via L-ornithine),711.0422089,880.063713,850.9039604,878.5263892,985.8869308,291.9533568,288.6303195,344.2915071,281.5400136,281.9536037,292.4474086,861.2846405,296.8027016,564.4819389
11,ARGSYNBSUB-PWY,L-arginine biosynthesis II (acetyl cycle),629.6246876,880.1081948,849.8955858,807.6622134,999.171002,290.7682414,285.0922008,339.6616907,282.3100572,282.0200339,290.045653,833.2923367,294.9829795,538.3093572
12,ARO-PWY,chorismate biosynthesis I,1019.787136,1092.225097,1050.645785,1217.321426,1191.033551,272.5556194,267.8541516,319.0668084,261.3290257,261.0739512,271.2615299,1114.202599,275.5235144,838.6790849
13,ASPASN-PWY,superpathway of L-aspartate and L-asparagine biosynthesis,1422.634322,1101.564614,1066.884057,1547.16901,1162.490663,35.32915733,30.02031987,54.48824246,15.11785817,16.56661671,32.18563341,1260.148533,30.61797133,1229.530562
17,CALVIN-PWY,Calvin-Benson-Bassham cycle,1350.255189,1402.650564,1311.805949,1493.658314,1519.174066,282.1252413,274.870156,326.1698737,266.614293,267.0325297,279.062491,1415.508816,282.6457641,1132.863052
20,COA-PWY,coenzyme A biosynthesis I,1103.974724,937.5573188,818.7721345,1238.932598,896.2396035,252.6673352,249.075657,281.4058782,241.8997416,241.9473279,251.73,999.0952758,253.12099,745.9742859
21,COBALSYN-PWY,adenosylcobalamin salvage from cobinamide I,355.8659758,577.6065134,507.932714,342.3270401,556.9934344,12.86486566,0.693547132,51.92592166,7.421102462,4.235036754,5.062788136,468.1451356,13.70054363,454.4445919
22,CODH-PWY,reductive acetyl coenzyme A pathway,38.31533365,48.71740937,39.16716983,18.8542886,8.961231777,0,0,0,0,0,0.997994626,30.80308665,0.166332438,30.63675421
23,COLANSYN-PWY,colanic acid building blocks biosynthesis,375.1592641,284.0223625,245.9858374,591.63526,170.2015947,28.75606287,31.89792212,54.24385738,11.25386517,14.26018336,32.47552521,333.4008638,28.81456935,304.5862944
25,DAPLYSINESYN-PWY,L-lysine biosynthesis I,746.2190809,1020.082211,910.6768742,998.5078059,1139.298892,98.16755455,76.67955015,192.3014268,57.04509095,53.40529264,85.60432535,962.9569729,93.86720675,869.0897662
27,DENOVOPURINE2-PWY,superpathway of purine nucleotides de novo biosynthesis II,1153.86194,724.2351947,723.1708571,1287.011274,652.6239141,85.2625013,93.01516075,194.5561191,40.12070361,46.95689605,105.0580152,908.180636,94.16156601,814.0190699
29,DTDPRHAMSYN-PWY,dTDP-L-rhamnose biosynthesis I,2369.237274,1425.842826,1431.763047,2662.179315,1455.459679,283.663441,281.0749031,321.7909811,253.1460498,257.2406881,284.5150055,1868.896428,280.2385114,1588.657917
35,FERMENTATION-PWY,mixed acid fermentation,704.4565204,810.6260914,667.8783454,967.5585759,847.1607442,54.2862371,66.35168991,133.7522444,20.66726949,31.59094394,69.66108739,799.5360555,62.71824538,736.8178101
36,FOLSYN-PWY,superpathway of tetrahydrofolate biosynthesis and salvage,1090.166118,791.6532974,779.274398,1166.341222,824.1084562,188.0838962,196.4233822,264.2051293,120.6450846,139.9910239,195.8233136,930.3086983,184.195305,746.1133934
38,FUCCAT-PWY,fucose degradation,205.9437072,494.2477811,407.1246386,217.6977335,660.3601425,8.094674556,2.315789474,8.199853049,3.157894737,2.24824356,0,397.0748006,4.002742563,393.072058
41,GALACTUROCAT-PWY,D-galacturonate degradation I,957.4759305,732.6273148,822.4685221,1033.517735,814.6166411,37.58163164,41.13318683,40.69325886,19.06056305,20.75248047,43.67236548,872.1412286,33.81558105,838.3256476
44,GLCMANNANAUT-PWY,"superpathway of N-acetylglucosamine, N-acetylmannosamine and N-acetylneuraminate degradation",673.2251695,877.5311693,905.0260174,728.5320383,1032.966439,78.03168169,73.87855213,77.65467644,34.39147423,38.73434172,71.75154582,843.4561667,62.40704534,781.0491213
47,GLUCONEO-PWY,gluconeogenesis I,1243.817937,1077.787311,1041.564552,1355.268107,1115.546186,137.8582655,138.3895827,219.2521291,69.21312952,77.46441156,143.8679853,1166.796819,131.0075839,1035.789235
49,GLUCUROCAT-PWY,superpathway of &beta;-D-glucuronide and D-glucuronate degradation,938.8705136,574.9556815,668.7432564,1004.09884,713.7178148,248.3005823,245.1683981,243.3885697,241.5583373,240.0313613,247.3209793,780.0772212,244.2947047,535.7825165
50,GLUTORN-PWY,L-ornithine biosynthesis,885.5285663,832.3975237,801.9659807,954.5819975,941.8753833,249.3924555,248.1747567,298.5326514,239.9196044,240.9752303,251.9496131,883.2698903,254.8240519,628.4458384
51,GLYCOCAT-PWY,glycogen degradation I (bacterial),1499.94965,1410.251926,1372.538218,1708.94267,1618.17191,45.80659609,44.48020819,136.9330592,23.89008665,24.76926308,45.72987509,1521.970875,53.60151472,1468.36936
52,GLYCOGENSYNTH-PWY,glycogen biosynthesis I (from ADP-D-Glucose),1088.44666,1216.54281,1168.85877,1296.08234,1336.418863,55.28634623,53.63743387,155.8587552,29.35689661,30.40921969,55.13610742,1221.269889,63.28079317,1157.989096
54,GLYCOLYSIS,glycolysis I (from glucose 6-phosphate),1356.757982,1113.917114,1098.134325,1552.902136,1103.969893,328.2926272,320.7985891,366.1285233,310.3797141,311.3532433,325.6444783,1245.13629,327.0995292,918.0367607
62,HISDEG-PWY,L-histidine degradation I,694.9634111,277.3027019,265.0485437,732.7306388,218.656405,15,17.45945946,42.09917103,5,7.341176471,20.41214165,437.7403401,17.88532477,419.8550153
63,HISTSYN-PWY,L-histidine biosynthesis,1234.896207,1054.340669,1023.224545,1409.942565,1119.074152,259.4657778,255.3692967,290.8499001,244.1724973,245.7841026,258.9908716,1168.295627,259.1054077,909.1902197
66,ILEUSYN-PWY,L-isoleucine biosynthesis I (from threonine),1324.851924,1300.444667,1246.708157,1513.452795,1442.24448,305.0893732,299.4284222,365.7182636,292.1184218,291.8106098,303.188129,1365.540405,309.5588699,1055.981535
69,LACTOSECAT-PWY,lactose and galactose degradation I,62.03376097,35.58311511,53.16739266,52.93150685,19.43416717,0,4.101408451,0,0,0,0,44.62998855,0.683568075,43.94642048
78,NAGLIPASYN-PWY,lipid IVA biosynthesis,807.2432775,364.4394798,354.2334661,811.900822,253.6354656,16.74677737,20.78311479,55.6632607,7.155963303,8.343812063,21.596972,518.2905022,21.71498337,496.5755188
79,NONMEVIPP-PWY,methylerythritol phosphate pathway I,1163.194075,1071.192656,1063.506429,1321.657575,1162.853002,30.65092729,26.61315195,74.44767355,14.29490179,14.74074089,29.42504654,1156.480747,31.695407,1124.78534
80,NONOXIPENT-PWY,pentose phosphate pathway (non-oxidative branch),1533.944224,1630.226189,1614.482413,1765.345672,1799.09226,266.1059143,256.5900761,320.2521168,249.9924198,248.7374783,260.6687898,1668.618152,267.0577992,1401.560352
81,OANTIGEN-PWY,O-antigen building blocks biosynthesis (E. coli),512.813804,486.59623,661.2430292,710.0478589,449.6864928,269.259365,266.9503349,301.1625703,255.8033276,257.2498568,269.0993027,564.077483,269.9207929,294.1566901
86,P108-PWY,pyruvate fermentation to propanoate I,1106.956653,586.5488775,571.7887978,1146.899203,445.5111903,25.59209255,27.95139986,60.76958343,9.834212646,12.46176854,29.46097358,771.5409445,27.67833843,743.862606
88,P124-PWY,Bifidobacterium shunt,249.4956901,65.28985281,105.1861664,190.9508315,88.60800747,289.21684,286.0648008,302.3826671,277.1486026,277.7827991,288.6551829,139.9061097,286.8751487,-146.9690391
90,P161-PWY,acetylene degradation,480.4880834,680.646824,489.448543,685.6022919,680.339324,355.8174671,346.4715791,344.8111367,352.8498672,351.3924293,352.9211761,603.3050133,350.7106093,252.594404
91,P162-PWY,L-glutamate degradation V (via hydroxyglutarate),26.6469446,23.05456735,22.99962957,18.45917258,8.796754747,0,0,0,0,0,0,19.99141377,0,19.99141377
93,P164-PWY,purine nucleobases degradation I (anaerobic),287.9520877,734.0489198,537.2864977,337.0583137,909.0859185,12.76222478,0,0,11.41797291,6.464397887,0,561.0863475,5.107432597,555.9789149
98,P341-PWY,glycolysis V (Pyrococcus),8.717660493,163.1458515,9.952963336,19.8562865,9.958053805,0,0,0,0,0,0,42.32616312,0,42.32616312
100,P42-PWY,incomplete reductive TCA cycle,1606.778614,920.3661652,913.6033475,1670.966631,736.3980302,58.32704403,63.20270055,145.6816944,24.85001774,29.56494607,69.63743698,1169.622558,65.21063996,1104.411918
104,PANTO-PWY,phosphopantothenate biosynthesis I,891.553769,508.1811855,475.158304,900.4837744,397.6031016,28.89567153,35.43755171,114.22684,12.65913354,15.4506991,40.16053439,634.5960269,41.13840505,593.4576219
105,PANTOSYN-PWY,pantothenate and coenzyme A biosynthesis I,956.748402,599.7257858,552.6309896,1001.602374,485.5186882,41.00382796,49.62918895,129.9254527,18.50483705,22.10343067,55.18339558,719.2452479,52.72502214,666.5202258
107,PEPTIDOGLYCANSYN-PWY,peptidoglycan biosynthesis I (meso-diaminopimelate containing),1146.241075,1022.124489,996.0069526,1298.832389,1075.915258,280.0224338,276.5695818,316.8370096,268.6705639,268.5777903,278.9487537,1107.824033,281.6043555,826.2196774
108,PHOSLIPSYN-PWY,superpathway of phospholipid biosynthesis I (bacteria),1092.939293,1136.610469,1098.450352,1290.562181,1247.243324,281.0674532,275.8177972,330.7945481,269.4572063,268.9536484,278.5825632,1173.161124,284.1122027,889.048921
109,POLYAMINSYN3-PWY,superpathway of polyamine biosynthesis II,14.64096952,8.963488085,21.2411741,7.786293157,10.95517833,0,0,3.598358647,0,0.511684558,4.213446111,12.71742064,1.387248219,11.33017242
110,POLYAMSYN-PWY,superpathway of polyamine biosynthesis I,89.53141681,37.11946474,43.42659507,91.3952509,15.95488907,0,1.256461233,3.509707657,0,0.468188193,4.338933528,55.48552332,1.595548435,53.88997488
111,POLYISOPRENSYN-PWY,polyisoprenoid biosynthesis (E. coli),982.3098935,660.1676781,640.5690901,1063.222055,552.1742761,246.5896588,244.4263154,272.136314,239.3030034,239.3579677,247.25342,779.6885987,248.1777799,531.5108188
115,PWY-1269,CMP-3-deoxy-D-manno-octulosonate biosynthesis I,724.7804623,331.7572576,320.6201846,730.5842438,229.61989,15,18.75,50,6.5,7.45,19.46190172,467.4724077,19.52698362,447.945424
117,PWY-1861,formaldehyde assimilation II (RuMP Cycle),101.5797588,792.9712822,634.7067484,134.9819518,1158.913931,10.99555372,5.7303833,18.5923752,1.945094495,5.521940109,3.888585859,564.6307344,7.778988782,556.8517456
119,PWY-2942,L-lysine biosynthesis III,1317.075319,1207.893651,1132.672496,1515.626984,1261.496138,260.9746553,255.4189875,303.4582252,245.8720947,246.1633477,259.9224839,1286.952918,261.968299,1024.984619
120,PWY-3001,superpathway of L-isoleucine biosynthesis I,1315.318981,1184.146437,1138.96249,1480.062278,1264.506726,269.8341143,266.3641731,307.1752795,259.1105312,259.5433158,270.1308488,1276.599382,272.0263771,1004.573005
125,PWY-4984,urea cycle,582.7935921,432.7681618,434.4323199,722.5556065,398.04625,34.87260547,36.98793707,54.41796598,12.18332466,16.88577317,40.21304643,514.1191861,32.59344213,481.5257439
127,PWY-5022,4-aminobutanoate degradation V,39.13860513,15.52941176,20.2211278,24.0943002,7.614646983,0,0,0,0,0,4.166990291,21.31961838,0.694498382,20.62512
130,PWY-5097,L-lysine biosynthesis VI,1317.671507,1247.240895,1187.168496,1514.038922,1327.712167,84.11134172,64.37654991,179.3775617,46.88373261,43.74753722,72.44076489,1318.766397,81.82291468,1236.943483
131,PWY-5100,pyruvate fermentation to acetate and lactate II,1241.642144,1293.524986,1303.37112,1424.397199,1569.502321,365.0932125,361.756953,396.4076995,354.563435,351.5264472,362.2247081,1366.487554,365.2620759,1001.225478
132,PWY-5101,L-isoleucine biosynthesis II,1433.83702,1392.618417,1350.978415,1637.931162,1538.97041,331.4496846,325.3610448,394.9603087,317.3009075,317.066822,329.6326943,1470.867085,335.9619103,1134.905175
133,PWY-5103,L-isoleucine biosynthesis III,1245.361496,1195.034745,1159.935487,1429.108991,1335.185352,293.0234386,287.4822604,334.8743357,280.5403436,280.3479985,291.5465408,1272.925214,294.6358196,978.2893946
134,PWY-5104,L-isoleucine biosynthesis IV,1304.054826,1347.434568,1341.210434,1486.178344,1545.84463,293.4240386,289.0643156,336.9468013,281.861597,280.8272787,289.1822213,1404.944561,295.2177088,1109.726852
135,PWY-5121,superpathway of geranylgeranyl diphosphate biosynthesis II (via MEP),1140.534692,1038.790155,1021.118644,1292.821505,1117.571114,41.95958657,36.48134884,96.66422151,20.26907297,20.74932023,40.38168852,1122.167222,42.75087311,1079.416349
136,PWY-5154,L-arginine biosynthesis III (via N-acetyl-L-citrulline),748.7260046,540.9659899,534.82786,889.79632,438.2409966,261.0859097,257.6106951,314.0237154,252.5379136,252.8943649,262.3883443,630.5114342,266.7568238,363.7546104
140,PWY-5188,tetrapyrrole biosynthesis I (from glutamate),191.949723,332.4625339,351.8212931,149.752195,463.3219022,0.800530571,3.971907252,55.70616241,0.931545519,1.767185189,7.019750942,297.8615295,11.69951365,286.1620158
141,PWY-5189,tetrapyrrole biosynthesis II (from glycine),199.1652847,360.7042839,305.5067837,180.838324,442.9641942,0.640179659,1.665315156,58.14362093,0.91954023,1.836683921,6.254128181,297.8357741,11.57657801,286.2591961
142,PWY-5304,superpathway of sulfur oxidation (Acidianus ambivalens),46.51,49.51,6,15.51,14.51,0,0,0,0,0,1,26.408,0.166666667,26.24133333
145,PWY-5384,sucrose degradation IV (sucrose phosphorylase),196.2041137,254.4896198,198.734983,242.8836049,199.8017549,5.937716263,3.971994679,37.4012474,3.968707217,0.399688389,4.759948545,218.4228153,9.406550416,209.0162648
151,PWY-5484,glycolysis II (from fructose 6-phosphate),1399.059743,1010.765568,1015.949167,1564.379352,946.6828805,352.591184,344.9795049,388.7185942,333.5541221,334.6306852,350.246486,1187.367342,350.7867627,836.5805794
152,PWY-5505,L-glutamate and L-glutamine biosynthesis,681.7453191,1065.20231,1062.477841,1014.732243,1291.508701,23.12132281,5.326748535,31.25091888,11.60778856,10.27345245,11.22767639,1023.133283,15.4679846,1007.665298
153,PWY-5509,"adenosylcobalamin biosynthesis from cobyrinate a,c-diamide I",343.5468189,559.7680725,493.910499,321.1572305,540.9908387,12.13039496,0.66304692,51.21762654,6.469741409,4.110155341,4.908093289,451.8746919,13.24984308,438.6248488
158,PWY-5659,GDP-mannose biosynthesis,1021.182099,576.7617639,553.2743436,1341.031081,485.5368601,54.39196467,59.44273253,152.6716815,20.12111919,27.63377062,61.93090859,795.5572296,62.69869619,732.8585334
159,PWY-5667,CDP-diacylglycerol biosynthesis I,1157.419347,1220.45444,1161.122843,1314.593374,1319.505746,289.1930173,283.8288049,350.9172573,277.4385757,276.7548943,286.2960039,1234.61915,294.0714256,940.5477246
162,PWY-5686,UMP biosynthesis,1289.431812,1172.355533,1121.598913,1458.384773,1221.54925,277.9914607,273.5202959,321.5399383,265.4360678,265.1694479,276.3490134,1252.664056,280.0010373,972.6630187
163,PWY-5695,urate biosynthesis/inosine 5'-phosphate degradation,1203.209962,827.8705969,811.5415866,1355.945703,810.3338128,288.2994965,287.1489218,318.4931771,277.1949544,277.4958991,288.0344364,1001.780332,289.4444809,712.3358514
164,PWY-5705,allantoin degradation to glyoxylate III,24.52860961,101.2412345,36.77092414,23.29495683,18.97855673,0,0,6.336633663,0,0.352941176,0.666666667,40.96285635,1.226040251,39.7368161
166,PWY-5837,"1,4-dihydroxy-2-naphthoate biosynthesis I",6.775386757,11.40221994,15.67283391,3.490049298,8.557870078,254.6391,254.7721407,252.6967544,251.8601665,252.6174004,255.8617354,9.179671996,253.7412162,-244.5615442
167,PWY-5838,superpathway of menaquinol-8 biosynthesis I,22.75136354,36.3354046,48.58031159,11.83514476,27.03443422,108.1140676,123.5259154,191.9354762,52.80518294,66.86534843,125.8312537,29.30733174,111.512874,-82.2055423
168,PWY-5840,superpathway of menaquinol-7 biosynthesis,22.72947855,36.42290168,48.73868524,11.83226184,27.131217,254.0917173,256.7997316,263.4719781,248.3869369,249.3817277,256.8283683,29.37090886,254.8267433,-225.4558344
175,PWY-5861,superpathway of demethylmenaquinol-8 biosynthesis,15.31844626,24.96593743,33.82975922,7.93215153,18.6945621,84.55600214,98.67969687,167.1847178,38.01300635,49.16791989,100.8823841,20.14817131,89.74728785,-69.59911654
177,PWY-5863,superpathway of phylloquinol biosynthesis,7.736575685,13.00962923,17.87002718,3.987042243,9.769017786,254.433052,254.024317,256.0572273,250.6040201,251.2772395,255.3378663,10.47445842,253.622287,-243.1478286
179,PWY-5897,superpathway of menaquinol-11 biosynthesis,19.98186304,32.20701008,43.26646865,10.37608182,23.994626,247.5627218,250.1843838,256.5143901,242.0303232,243.0096984,250.2405048,25.96520992,248.2570037,-222.2917938
180,PWY-5898,superpathway of menaquinol-12 biosynthesis,19.98186304,32.20701008,43.26646865,10.37608182,23.994626,247.5627218,250.1843838,256.5143901,242.0303232,243.0096984,250.2405048,25.96520992,248.2570037,-222.2917938
181,PWY-5899,superpathway of menaquinol-13 biosynthesis,19.98186304,32.20701008,43.26646865,10.37608182,23.994626,247.5627218,250.1843838,256.5143901,242.0303232,243.0096984,250.2405048,25.96520992,248.2570037,-222.2917938
182,PWY-5910,superpathway of geranylgeranyldiphosphate biosynthesis I (via mevalonate),71.03421532,19.67160481,29.30678206,60.64574239,9.396705445,248.6511452,247.8430381,257.9587224,246.8569964,246.829773,248.5516787,38.01101,249.448559,-211.437549
183,PWY-5913,TCA cycle VI (obligate autotrophs),1279.766097,724.4398708,750.1277988,1309.441334,632.8159182,53.66932789,42.75902853,85.84294672,21.04592943,27.19106145,56.21901566,939.3182039,47.78788495,891.5303189
188,PWY-5973,cis-vaccenate biosynthesis,1378.997151,1206.129853,1156.798613,1553.049979,1260.43996,384.1650766,381.1870454,477.6646737,369.9635259,370.7345586,386.5927913,1311.083111,395.0512786,916.0318325
190,PWY-6121,5-aminoimidazole ribonucleotide biosynthesis I,1387.767379,1218.044824,1187.024801,1541.460189,1275.408492,300.2172783,297.31587,341.9443055,283.0662518,283.9444469,298.8159335,1321.941137,300.8840144,1021.057123
191,PWY-6122,5-aminoimidazole ribonucleotide biosynthesis II,1312.248003,1203.627901,1170.281452,1462.506449,1277.462015,309.5193983,305.4611608,348.2532293,293.5617671,294.0148795,306.8042992,1285.225164,309.6024557,975.6227083
192,PWY-6123,inosine-5'-phosphate biosynthesis I,1273.979793,1057.340204,1030.652329,1424.459273,1108.724345,257.8098859,254.7176257,290.0502732,243.7940356,244.5692392,256.9231756,1179.031189,257.9773725,921.0538164
193,PWY-6125,superpathway of guanosine nucleotides de novo biosynthesis II,1056.568551,583.175364,581.7941869,1175.8829,500.5212905,46.41154412,51.68136699,132.1653711,19.90050159,23.63425196,59.92401562,779.5884584,55.61950857,723.9689498
194,PWY-6126,superpathway of adenosine nucleotides de novo biosynthesis II,1264.633682,1075.927673,962.997071,1500.631685,956.985801,297.0902612,291.5473368,330.8881117,283.7324376,283.9452655,295.4145456,1152.235182,297.1029931,855.1321894
195,PWY-6147,6-hydroxymethyl-dihydropterin diphosphate biosynthesis I,960.9064897,724.730196,672.2874687,963.6604616,869.3733135,58.74853114,67.96404578,134.2681124,23.7507443,31.28782889,66.4370733,838.1915859,63.74272264,774.4488633
196,PWY-6151,S-adenosyl-L-methionine cycle I,533.0610761,707.8265899,671.8338667,701.8417504,680.7267135,285.9507065,280.1287501,290.6327811,274.6989688,274.7879115,285.0032985,659.0579993,281.8670694,377.1909299
197,PWY-6163,chorismate biosynthesis from 3-dehydroquinate,1132.321605,1084.071253,1070.031614,1292.151032,1168.894719,254.7673053,250.6069727,303.0822524,243.4371085,243.1764244,253.5282365,1149.494045,258.0997166,891.3943279
199,PWY-621,sucrose degradation III (sucrose invertase),977.3745708,1320.713248,1332.695215,1362.764815,1538.207396,31.48589176,13.01443648,49.10147197,13.62401688,12.98293856,14.61568681,1306.351049,22.47074041,1283.880308
200,PWY-6263,superpathway of menaquinol-8 biosynthesis II,66.00953753,100.6590934,51.95165485,68.73865321,19.96838822,0,2.941969612,0,0,0,1.485683037,61.46546545,0.737942108,60.72752334
201,PWY-6269,adenosylcobalamin salvage from cobinamide II,346.1552537,563.3924748,497.038697,323.8884052,544.6001071,12.2835542,0.674164858,50.96384986,6.564115024,4.156113143,4.964983186,455.0149876,13.26779671,441.7471909
202,PWY-6277,superpathway of 5-aminoimidazole ribonucleotide biosynthesis,1312.248003,1203.627901,1170.281452,1462.506449,1277.462015,309.5193983,305.4611608,348.2532293,293.5617671,294.0148795,306.8042992,1285.225164,309.6024557,975.6227083
204,PWY-6317,galactose degradation I (Leloir pathway),888.2281868,1060.155713,1042.58541,1146.102996,1185.307883,348.9441821,341.3867172,349.330549,338.0740732,338.0439689,346.0637737,1064.476038,343.640544,720.8354939
206,PWY-6353,purine nucleotides degradation II (aerobic),295.6844464,616.0096058,534.7797151,423.612015,701.9431879,13.16390063,17.56812435,199.3204022,24.15154084,16.87412655,44.58807456,514.405794,52.61102818,461.7947659
208,PWY-6385,peptidoglycan biosynthesis III (mycobacteria),1137.894788,1010.360275,987.2405338,1287.608148,1066.864263,279.6597038,276.2021546,316.3376236,268.426595,268.5777903,278.9487537,1097.993602,281.3587702,816.6348314
209,PWY-6386,UDP-N-acetylmuramoyl-pentapeptide biosynthesis II (lysine-containing),1141.323077,1019.396372,1001.139928,1281.863985,1073.970602,274.8464484,271.4200063,310.5706164,263.7096863,263.8054198,274.0377535,1103.538793,276.3983218,827.140471
210,PWY-6387,UDP-N-acetylmuramoyl-pentapeptide biosynthesis I (meso-diaminopimelate containing),1144.356911,1015.426767,994.9450076,1296.360364,1071.990601,287.2262723,283.9867042,326.1560432,275.9116441,276.069131,286.5372975,1104.61593,289.3145154,815.3014146
213,PWY-6467,Kdo transfer to lipid IVA III (Chlamydia),721.67,329.42,319.5,726.92,228.09,15,18.75,50,6.5,7.45,19.4,465.12,19.51666667,445.6033333
214,PWY-6470,peptidoglycan biosynthesis V (&beta;-lactam resistance),8.650900824,17.48340768,17.13946165,0,5.349767972,255.2558448,252.3518801,274.1544345,248.7606538,248.4990166,254.0112168,9.724707626,255.5055078,-245.7808002
216,PWY-6478,GDP-D-glycero-&alpha;-D-manno-heptose biosynthesis,84.83331849,118.9758768,68.36223506,114.3257398,79.99922755,230.4595,228.4948809,233.9380132,233.3991984,232.2646977,231.2635589,93.29927953,231.6366415,-138.337362
218,PWY-6507,4-deoxy-L-threo-hex-4-enopyranuronate degradation,1172.40657,825.3213708,936.0392439,1339.838311,917.4186292,56.09500566,60.28453776,58.5957183,24.68683607,29.58773979,60.71552081,1038.204825,48.32755973,989.8772652
220,PWY-6545,pyrimidine deoxyribonucleotides de novo biosynthesis III,142.9522293,167.1450492,130.6552578,116.7047159,64.05879159,0,0,14.09230304,3.581877153,0,2.162823975,124.3032088,3.306167361,120.9970414
222,PWY-6572,chondroitin sulfate degradation I (bacterial),1124.309709,445.8540557,501.4101977,1229.231277,396.6704857,27.3015873,24.61538462,20.8,10.2970297,12.72727273,28.06104968,739.4951451,20.63372067,718.8614244
223,PWY-6588,pyruvate fermentation to acetone,103.4586445,61.75435745,51.37322273,30.53361607,55.24139115,0,3.975736271,0,0,0,3.975415562,60.47224638,1.325191972,59.14705441
225,PWY-6608,guanosine nucleotides degradation III,301.7546997,630.2217095,496.3194261,345.3080644,718.2867623,13.71348917,9.853984325,152.2849269,13.70401697,9.460147631,26.1436146,498.3781324,37.5266966,460.8514358
226,PWY-6609,adenine and adenosine salvage III,1144.155401,1165.16247,1140.464883,1364.41265,1394.603096,289.0452598,289.5640049,308.225629,279.7102008,279.6406608,287.817891,1241.7597,289.0006077,952.7590922
227,PWY-6612,superpathway of tetrahydrofolate biosynthesis,987.1694395,691.0942056,682.2309832,1042.026587,722.3936949,165.1749627,175.2645291,249.1227527,96.2347587,115.180468,174.1229488,824.982982,162.5167367,662.4662454
231,PWY-6700,queuosine biosynthesis,962.1299379,474.8210509,481.7183325,1096.257257,409.6640849,28.95465237,33.79605979,72.83813328,10.75835678,16.95451025,40.39389913,684.9181325,33.9492686,650.9688639
232,PWY-6703,preQ0 biosynthesis,783.1825649,379.7106069,375.1411219,885.6700883,313.4708006,19.74281923,23.81601043,73.51450381,7.667512848,11.35774234,28.30991333,547.4350365,27.401417,520.0336195
234,PWY-6737,starch degradation V,1592.668299,1306.009321,1258.419594,1819.930946,1478.745031,341.5929378,335.8207665,365.8696672,323.9774727,323.9723645,338.4132738,1491.154638,338.2744138,1152.880224
236,PWY-6891,thiazole biosynthesis II (Bacillus),38.72497171,52.19626397,34.5791156,17.81422595,9.855565323,0,0,0,0,0,2.310114674,30.63402851,0.385019112,30.2490094
237,PWY-6892,thiazole biosynthesis I (E. coli),1076.271451,600.6891804,546.0724834,1070.741255,414.4286767,26.59173195,30.17235005,70.96598885,11.28471577,13.53138157,34.8276032,741.6406093,31.2289619,710.4116475
238,PWY-6895,superpathway of thiamin diphosphate biosynthesis II,168.3268853,190.554165,136.4686685,83.48847624,44.95815544,0,0,0,0,0,9.227806006,124.7592701,1.537967668,123.2213024
239,PWY-6897,thiamin salvage II,996.1253563,808.269189,640.180242,1045.720622,915.368476,250.455032,244.8729112,261.5907803,240.7589369,241.4202116,249.4049454,881.1327771,248.0838029,633.0489742
240,PWY-6901,superpathway of glucose and xylose degradation,946.8878473,620.3324647,635.4548464,1079.005492,557.6385187,105.9202292,115.0049857,212.6677889,49.58151305,61.93639229,122.3189045,767.8638339,111.2383023,656.6255316
242,PWY-6969,TCA cycle V (2-oxoglutarate:ferredoxin oxidoreductase),1346.716036,873.9666894,860.5956155,1449.854451,786.0254992,43.73982585,44.64160144,106.239486,18.23788668,22.04154106,51.00106683,1063.431658,47.65023465,1015.781423
243,PWY-7003,glycerol degradation to butanol,157.8620497,53.29933255,68.52362481,71.71127379,28.27268553,0,1.821322084,0,0,0,10.04635308,75.93379328,1.97794586,73.95584742
245,PWY-7090,"UDP-2,3-diacetamido-2,3-dideoxy-&alpha;-D-mannuronate biosynthesis",24.19557641,25.12054928,13.62417957,21.51717766,5.391219557,0,0,0,0,0,0,17.9697405,0,17.9697405
249,PWY-7111,pyruvate fermentation to isobutanol (engineered),1394.933624,1391.597203,1321.617748,1606.835599,1537.719595,381.4530814,371.7021054,455.936618,366.8516579,365.6498844,376.6391764,1450.540754,386.3720872,1064.168666
251,PWY-7184,pyrimidine deoxyribonucleotides de novo biosynthesis I,422.7090601,293.5425023,239.0831878,579.6946943,189.1775305,31.79337216,35.74279285,100.6413842,13.16757541,15.72450799,41.88961013,344.841395,39.82654046,305.0148545
252,PWY-7187,pyrimidine deoxyribonucleotides de novo biosynthesis II,468.1131988,358.4135304,287.9782,646.7616202,235.5122453,60.41619566,66.53049196,149.8191845,27.26923278,32.15408005,76.02651696,399.3557589,68.70261699,330.6531419
253,PWY-7196,superpathway of pyrimidine ribonucleosides salvage,1168.643544,611.5455228,638.7798941,1243.927538,535.7714371,43.57760957,48.59282682,125.5275657,18.50067569,21.9996372,56.48392992,839.7335873,52.44704081,787.2865464
254,PWY-7197,pyrimidine deoxyribonucleotide phosphorylation,845.1848849,341.4403883,367.4482962,866.6182065,283.0136555,28.2843378,31.7619027,89.27542094,11.70745606,13.97906391,37.22006274,540.7410863,35.37137402,505.3697123
255,PWY-7198,pyrimidine deoxyribonucleotides de novo biosynthesis IV,20.30763628,29.22684138,48.04535072,6.941162184,28.18784851,0,0,0,0,0,0,26.54176781,0,26.54176781
256,PWY-7199,pyrimidine deoxyribonucleosides salvage,963.4152518,603.7162517,709.7203982,1130.22771,541.3402788,252.2036605,248.7984575,261.9098293,241.2527666,241.491112,251.0500175,789.6839782,249.4509739,540.2330043
257,PWY-7200,superpathway of pyrimidine deoxyribonucleoside salvage,520.3288994,326.9897575,302.359298,679.2260502,227.9329048,45.63057956,50.72400807,124.0245103,19.76446639,23.4428946,58.60166938,411.367382,53.69802138,357.6693606
258,PWY-7208,superpathway of pyrimidine nucleobases salvage,1321.21695,1188.447184,1154.35326,1482.775652,1263.036555,336.0898005,331.0811688,372.8853107,322.3295909,322.2403515,333.5979847,1281.96592,336.3707012,945.5952191
259,PWY-7210,pyrimidine deoxyribonucleotides biosynthesis from CTP,28.2401268,39.31214495,61.09765033,9.850540154,36.71864765,0,0,0,0,0,0,35.04382198,0,35.04382198
261,PWY-7219,adenosine ribonucleotides de novo biosynthesis,1341.186841,1196.134697,1161.624806,1510.397492,1270.960752,291.5221419,286.9722005,331.702484,277.9743791,278.143066,289.8694214,1296.060918,292.6972822,1003.363636
263,PWY-7220,adenosine deoxyribonucleotides de novo biosynthesis II,1175.195552,948.7940448,784.2069774,1551.800741,719.8719804,309.040005,298.2716582,329.8084819,293.9455613,294.7587094,305.9358413,1035.973859,305.2933762,730.6804829
264,PWY-7221,guanosine ribonucleotides de novo biosynthesis,1265.936439,1095.755305,970.1527821,1409.049788,1146.187043,257.0132796,254.2917266,293.1615442,243.9824337,244.112456,256.2814596,1177.416271,258.1404833,919.2757882
265,PWY-7222,guanosine deoxyribonucleotides de novo biosynthesis II,1175.195552,948.7940448,784.2069774,1551.800741,719.8719804,309.040005,298.2716582,329.8084819,293.9455613,294.7587094,305.9358413,1035.973859,305.2933762,730.6804829
266,PWY-7228,superpathway of guanosine nucleotides de novo biosynthesis I,1012.92629,527.6282725,526.9312455,1101.449139,446.0085516,40.81486263,45.64225309,121.6518012,17.25647377,20.53763524,53.12916978,722.9886999,49.83869929,673.1500006
267,PWY-7229,superpathway of adenosine nucleotides de novo biosynthesis I,1301.600084,1144.849539,1056.571725,1551.297233,1091.442834,305.9773639,299.8743131,342.6156903,292.0922049,292.3238288,304.2132707,1229.152283,306.1827786,922.9695043
269,PWY-7237,"myo-, chiro- and scillo-inositol degradation",667,319,358.5,706.25,451.5,15,16.5,50,5.5,7.9,23.05,500.45,19.65833333,480.7916667
270,PWY-7242,D-fructuronate degradation,1202.15326,967.8018632,1007.467093,1381.964853,1032.838516,257.6302801,254.0179122,256.4125067,245.0075359,244.6714898,256.128368,1118.445117,252.3113488,866.1337684
272,PWY-7315,dTDP-N-acetylthomosamine biosynthesis,60.22399041,90.98786128,344.0615783,54.43129907,140.1743814,0.998240449,0,9.846707035,0,0,3.972098846,137.9758221,2.469507722,135.5063144
273,PWY-7323,superpathway of GDP-mannose-derived O-antigen building blocks biosynthesis,887.448261,456.0445092,472.7333267,960.0759009,343.6935369,25.14638851,28.88810766,57.36232812,9.661205341,12.33093024,29.28357256,623.9991069,27.11208874,596.8870182
274,PWY-7328,superpathway of UDP-glucose-derived O-antigen building blocks biosynthesis,233.8905385,192.2311753,153.8244276,414.0924214,107.7114187,27.82863321,28.96569943,58.02376465,10.28626012,13.55671082,32.39060496,220.3499963,28.5086122,191.8413841
275,PWY-7332,superpathway of UDP-N-acetylglucosamine-derived O-antigen building blocks biosynthesis,115.9986081,111.9495885,72.49065803,94.17826385,58.23671278,0,0,0,0,0,0,90.57076626,0,90.57076626
276,PWY-7371,"1,4-dihydroxy-6-naphthoate biosynthesis II",23.5,40,19,24.5,7,0,1,0,0,0,0.5,22.8,0.25,22.55
277,PWY-7374,"1,4-dihydroxy-6-naphthoate biosynthesis I",20.66582915,29.37062937,17.6744186,15.01612903,5.384615385,0,0,0,0,0,0.5,17.62232431,0.083333333,17.53899097
280,PWY-7400,L-arginine biosynthesis IV (archaebacteria),715.7059551,880.833979,851.7510621,883.7869991,985.1184162,291.0507067,287.6276823,343.1694907,280.6395426,281.0157362,291.4044158,863.4392823,295.8179291,567.6213532
283,PWY-7456,mannan degradation,756.3794073,345.4593179,329.5528851,840.4393066,258.1962911,21.83996949,25.82506419,31.82398678,8.597331558,10.76258517,25.22098982,506.0054416,20.67832117,485.3271204
285,PWY-7539,6-hydroxymethyl-dihydropterin diphosphate biosynthesis III (Chlamydia),960.3729388,653.5269302,608.1751279,948.0292491,706.5696975,58.72014362,67.96404578,132.9345142,23.75567696,31.28277667,66.43008636,775.3347887,63.5145406,711.8202481
286,PWY-7560,methylerythritol phosphate pathway II,1163.194075,1071.192656,1063.506429,1321.657575,1162.853002,30.65092729,26.61315195,74.44767355,14.29490179,14.74074089,29.42504654,1156.480747,31.695407,1124.78534
288,PWY-7663,gondoate biosynthesis (anaerobic),1486.695126,1284.80053,1226.289299,1671.819128,1329.751407,556.7884376,553.3860802,635.9129221,542.8640533,543.666285,557.5697543,1399.871098,565.0312554,834.8398425
290,PWY-841,superpathway of purine nucleotides de novo biosynthesis I,1152.835371,703.4702134,702.6848694,1266.675563,629.1921023,67.04229515,73.94510449,170.6629915,30.0735485,35.46605668,84.56023027,890.9716239,76.9583711,814.0132528
291,PWY-922,mevalonate pathway I,50.69331752,13.85276332,20.70458272,43.07645755,6.59544136,246.8327829,247.10778,246.4264968,248.9307692,248.8324104,246.6684187,26.98451249,247.466443,-220.4819305
292,PWY0-1061,superpathway of L-alanine biosynthesis,29.31897158,32.4178491,52.2478386,11.93749968,35.14609953,273.5683196,272.1941867,311.0273035,267.553916,268.0085772,275.4231873,32.2136517,277.9625817,-245.74893
295,PWY0-1296,purine ribonucleosides degradation,608.2241614,1025.966114,1007.984015,839.0559413,1463.922792,247.4257426,245.4000861,256.8702439,241.7624298,241.3549053,245.0891432,989.0306047,246.3170918,742.7135129
296,PWY0-1297,superpathway of purine deoxyribonucleosides degradation,499.5468886,791.6926868,635.0625931,718.5481877,1030.426537,246.2181078,241.8486927,254.3875655,241.4244562,240.1990991,243.9957418,735.0553786,244.6789439,490.3764347
297,PWY0-1298,superpathway of pyrimidine deoxyribonucleosides degradation,506.9295899,795.3440676,608.9862433,722.2880382,861.0189867,271.6341241,264.3542679,272.5975283,266.9829537,265.0590172,268.6505242,698.9133851,268.2130692,430.7003159
298,PWY0-1319,CDP-diacylglycerol biosynthesis II,1157.419347,1220.45444,1161.122843,1314.593374,1319.505746,289.1930173,283.8288049,350.9172573,277.4385757,276.7548943,286.2960039,1234.61915,294.0714256,940.5477246
303,PWY0-1586,peptidoglycan maturation (meso-diaminopimelate containing),1082.858153,917.7218265,783.2411318,1190.521609,1246.777257,324.0192405,315.5099237,352.8110259,317.5165512,316.4444031,320.5051979,1044.223995,324.4677237,719.7562716
304,PWY0-162,superpathway of pyrimidine ribonucleotides de novo biosynthesis,1160.169884,695.7866468,714.6542954,1260.742886,627.8172128,57.38360761,63.57037277,155.6548066,25.14141092,29.75688818,73.20771832,891.8341851,67.45246739,824.3817177
305,PWY0-166,superpathway of pyrimidine deoxyribonucleotides de novo biosynthesis (E. coli),463.2620604,350.4557315,280.3474823,638.1678267,228.596521,61.0619168,67.38527192,154.0481926,27.41553918,32.35416966,77.1056601,392.1659244,69.89512504,322.2707993
310,PWY0-845,superpathway of pyridoxal 5'-phosphate biosynthesis and salvage,856.2640206,396.3473797,427.6855366,925.9238321,363.0457037,29.69122774,33.02253515,82.91255237,11.08146807,14.84099375,36.80100519,593.8532946,34.72496371,559.1283308
313,PWY490-3,nitrate reduction VI (assimilatory),111.328591,197.670001,189.7619535,116.7833768,411.141678,0.494720602,2.736209775,23.09301903,0.749277178,1.243028748,2.989707699,205.3371201,5.217660505,200.1194596
314,PWY4FS-7,phosphatidylglycerol biosynthesis I (plastidic),1058.444484,1088.573608,1060.566758,1278.543772,1203.495031,275.8994205,270.7878466,321.6672438,264.3866131,264.0420965,273.7162495,1137.924731,278.4165783,859.5081523
315,PWY4FS-8,phosphatidylglycerol biosynthesis II (non-plastidic),1058.444484,1088.573608,1060.566758,1278.543772,1203.495031,275.8994205,270.7878466,321.6672438,264.3866131,264.0420965,273.7162495,1137.924731,278.4165783,859.5081523
317,PYRIDNUCSAL-PWY,NAD salvage pathway I,1045.057036,938.819476,953.824589,1202.983692,1034.213222,36.71071296,30.74243727,54.83083838,15.81062921,16.39471109,30.90915914,1034.979603,30.89974801,1004.079855
318,PYRIDNUCSYN-PWY,NAD biosynthesis I (from aspartate),1013.66049,887.001535,777.923048,1139.209706,959.8269183,36.00582923,31.80915733,86.59173542,15.64600804,17.26284198,36.12651462,955.5243395,37.24034777,918.2839917
319,PYRIDOXSYN-PWY,pyridoxal 5'-phosphate biosynthesis I,778.732372,311.2496271,332.9399008,811.355518,262.1787025,19.08154066,21.84640852,56.55208597,7.156163872,9.364302505,24.07860554,499.2912241,23.01318451,476.2780396
321,RHAMCAT-PWY,L-rhamnose degradation I,954.6446073,407.8763438,413.1288382,1005.408798,361.2755437,21.73367687,20.4946446,19.89145761,9.225863596,10.70808588,25.17547843,628.4668261,17.8715345,610.5952916
322,RIBOSYN2-PWY,flavin biosynthesis I (bacteria and plants),958.1157923,687.0873339,642.0502464,1013.494413,704.127881,248.446,249.3423491,286.6438924,240.9460224,241.122971,251.6705879,800.9751334,253.0286371,547.9464963
323,RUMP-PWY,formaldehyde oxidation I,74.93047128,372.6979043,340.5202904,99.02933285,336.6479594,8.813214169,4.452545391,14.53315733,1.494539644,4.451368123,2.979130224,244.7651917,6.120659147,238.6445325
324,SALVADEHYPOX-PWY,adenosine nucleotides degradation II,182.7666961,486.2286004,414.9033491,288.3893103,682.1388565,7.386940363,12.18685228,164.3100785,16.88454478,11.70671296,31.78308205,410.8853625,40.70970182,370.1756607
328,TCA,TCA cycle I (prokaryotic),1275.68217,781.985351,783.0102565,1361.035737,708.6380657,43.31546783,44.40351698,111.5372982,17.76949384,21.79810295,51.59866382,982.0703161,48.40375728,933.6665588
331,THISYN-PWY,superpathway of thiamin diphosphate biosynthesis I,1036.595391,568.6965446,521.8343589,1066.660876,410.2246232,28.62478354,34.82039939,86.54185704,12.74360771,14.30831455,36.13098845,720.8023587,35.52832511,685.2740336
332,THRESYN-PWY,superpathway of L-threonine biosynthesis,1337.830193,1138.42874,1088.641069,1479.742149,1172.386127,250.53349,248.2649864,282.1028198,240.959099,241.7240398,251.8260751,1243.405656,252.5684184,990.8372375
334,TRPSYN-PWY,L-tryptophan biosynthesis,1047.293121,752.2349542,879.5486836,1179.576482,885.2425922,277.4034142,275.3316545,315.7054677,266.7714905,269.0137901,280.2526304,948.7791665,280.7464079,668.0327587
337,UDPNAGSYN-PWY,UDP-N-acetyl-D-glucosamine biosynthesis I,300.8603133,305.8825568,455.5074682,435.4457188,272.6810128,240.8286124,239.0482365,271.898997,237.061165,237.0331552,240.971005,354.075414,244.4735285,109.6018854
338,VALSYN-PWY,L-valine biosynthesis,1324.851924,1300.444667,1246.708157,1513.452795,1442.24448,305.0893732,299.4284222,365.7182636,292.1184218,291.8106098,303.188129,1365.540405,309.5588699,1055.981535