pathway	description	CV1	CV2	CV3	CV4	CV5	GF1	GF2	GF3	GF4	GF5	GF6
1CMET2-PWY	N10-formyl-tetrahydrofolate biosynthesis	1082.4188497292805	969.3932818799124	967.0022542620698	1231.4838115615155	1051.6207109885208	252.6406712364476	249.91000000000008	292.68177038614283	241.00068667596807	242.0788652027912	251.2559592365112
3-HYDROXYPHENYLACETATE-DEGRADATION-PWY	4-hydroxyphenylacetate degradation	0.0	0.0	0.0	0.0	0.0	0.0	0.0	23.928097834094597	0.0	0.0	0.0
AEROBACTINSYN-PWY	aerobactin biosynthesis	0.0	0.0	0.0	1.1428571428571428	0.0	0.0	0.0	0.0	0.0	0.0	0.0
ALL-CHORISMATE-PWY	superpathway of chorismate metabolism	0.0	18.53591266022868	0.0	0.0	11.236089343811726	0.0	0.0	0.0	0.0	0.0	13.10688072972402
ANAEROFRUCAT-PWY	homolactic fermentation	970.641830780422	974.884936140988	978.188774368956	1182.8055382043478	990.1487451354024	351.508024018149	344.94625623321485	386.19044834549817	331.9760958479899	332.97999802277474	350.0676418590397
ANAGLYCOLYSIS-PWY	glycolysis III (from glucose)	1473.9451614566622	1269.8437260718576	1217.9903614888983	1693.9629754997866	1338.5503564458056	338.1891443760477	330.99707424197965	369.915328060458	316.8996033657491	318.34840545222806	336.3163640929102
ARG+POLYAMINE-SYN	superpathway of arginine and polyamine biosynthesis	158.93544334179157	71.04731906684079	82.39074496698565	165.56184637531575	31.335976323863783	0.0	2.501991858943052	6.948465841327865	0.0	0.934822924105836	8.550626493243241
ARGDEG-PWY	superpathway of L-arginine, putrescine, and 4-aminobutanoate degradation	0.0	0.0	0.0	2.1356764967189963	1.1405792134553518	0.0	0.0	0.0	0.0	0.0	3.683427111982314
ARGORNPROST-PWY	arginine, ornithine and proline interconversion	56.77462255730215	92.49152895957882	87.04524922848559	43.87950522233312	38.93277152531908	328.2378779635482	324.26863136202496	347.4409281498097	328.66622086913645	328.0203418239908	325.21418647685243
ARGSYN-PWY	L-arginine biosynthesis I (via L-ornithine)	711.0422089240577	880.0637130482748	850.9039604128374	878.5263891942258	985.8869307575228	291.9533568199183	288.63031948326994	344.29150714945735	281.5400136457898	281.95360372459027	292.44740857391554
ARGSYNBSUB-PWY	L-arginine biosynthesis II (acetyl cycle)	629.6246875802673	880.1081948081711	849.8955858300562	807.6622134214857	999.1710019665052	290.76824141473406	285.092200805557	339.6616907417784	282.31005715868304	282.0200339286942	290.04565303076623
ARO-PWY	chorismate biosynthesis I	1019.787136038434	1092.2250972628508	1050.6457851879225	1217.321426239754	1191.0335514821718	272.5556194394826	267.85415160647943	319.066808371902	261.329025731214	261.07395122966864	271.26152990271737
ASPASN-PWY	superpathway of L-aspartate and L-asparagine biosynthesis	1422.6343223593922	1101.564614302999	1066.884057494024	1547.169009615512	1162.4906630220005	35.329157325940265	30.02031987272124	54.48824246130061	15.1178581689004	16.56661670925928	32.18563341242297
AST-PWY	L-arginine degradation II (AST pathway)	0.0	0.0	0.0	1.0	0.67	0.0	0.0	17.77777777777778	0.0	0.2222222222222222	2.4705882352941178
BIOTIN-BIOSYNTHESIS-PWY	biotin biosynthesis I	208.2366843716495	292.6040593681306	75.79962949604382	308.3357073564892	72.30874525611631	0.0	20.46796038264897	78.77788366551005	0.0	2.495781290298002	19.728223470543504
BRANCHED-CHAIN-AA-SYN-PWY	superpathway of branched amino acid biosynthesis	1259.592898420608	1215.457996845935	1170.222941614276	1438.8038955938496	1339.9605817661354	293.0234385940347	287.6151824124947	340.1628537190267	280.6740766553503	280.34799853382606	291.87634659423713
CALVIN-PWY	Calvin-Benson-Bassham cycle	1350.2551885039163	1402.6505638638173	1311.8059486222417	1493.658314375568	1519.1740658913463	282.12524133725384	274.8701560276745	326.16987372955884	266.61429299719265	267.0325297231918	279.0624909786932
CATECHOL-ORTHO-CLEAVAGE-PWY	catechol degradation to &beta;-ketoadipate	0.0	0.0	0.0	0.0	0.0	0.0	0.0	17.58241758241758	0.0	0.2	0.4
CENTFERM-PWY	pyruvate fermentation to butanoate	0.0	3.4630905333073523	3.46433624486838	6.895657758001221	4.614975275203288	0.0	2.003010630264769	34.265775266150705	0.0	1.087479623826907	6.2238997473263895
COA-PWY	coenzyme A biosynthesis I	1103.9747239251328	937.5573187988076	818.7721345284137	1238.932598478176	896.2396034592589	252.6673351916865	249.07565696037184	281.405878170054	241.89974162877223	241.94732789445035	251.73
COBALSYN-PWY	adenosylcobalamin salvage from cobinamide I	355.8659758198419	577.6065133924067	507.93271396635566	342.3270401388138	556.9934344473866	12.864865655602722	0.6935471319514741	51.92592165852879	7.421102461603199	4.235036754434869	5.062788136070081
CODH-PWY	reductive acetyl coenzyme A pathway	38.31533364543196	48.71740937214624	39.16716983489142	18.85428859737639	8.961231776541876	0.0	0.0	0.0	0.0	0.0	0.997994625596599
COLANSYN-PWY	colanic acid building blocks biosynthesis	375.1592641487898	284.0223625250126	245.98583741569504	591.6352600159337	170.20159467314028	28.75606286655158	31.89792211507672	54.243857375792615	11.25386517418521	14.260183357721758	32.47552520823455
COMPLETE-ARO-PWY	superpathway of aromatic amino acid biosynthesis	1078.8743892372938	1112.6051189830705	1077.1363164224215	1282.8488085014292	1205.542964033628	288.7344186512024	284.10448336071335	336.81907414128494	277.0799617894236	276.922866375576	287.89744865001506
DAPLYSINESYN-PWY	L-lysine biosynthesis I	746.2190808716306	1020.0822110978283	910.6768741746064	998.507805900645	1139.2988924894946	98.16755454901283	76.67955014898166	192.30142682764	57.04509095301392	53.40529264062049	85.60432535219039
DENITRIFICATION-PWY	nitrate reduction I (denitrification)	0.0	0.0	0.0	0.0	0.0	0.0	0.0	13.217391304347826	0.0	0.0	0.0
DENOVOPURINE2-PWY	superpathway of purine nucleotides de novo biosynthesis II	1153.8619396842564	724.2351947276424	723.1708571451095	1287.0112741401106	652.6239140656043	85.26250129662455	93.01516074698183	194.5561191229212	40.12070360882888	46.95689604878553	105.0580152217873
DHGLUCONATE-PYR-CAT-PWY	glucose degradation (oxidative)	0.0	0.0	0.0	0.0	0.0	0.0	0.0	20.304568527918786	0.0	0.2222222222222222	0.7964601769911505
DTDPRHAMSYN-PWY	dTDP-L-rhamnose biosynthesis I	2369.23727376026	1425.8428257334772	1431.7630474884131	2662.1793152466	1455.4596787991604	283.66344103079336	281.0749031397314	321.79098108677005	253.14604977286197	257.2406881187932	284.51500552533025
ECASYN-PWY	enterobacterial common antigen biosynthesis	0.0	0.0	0.0	2.3709950458032734	1.6081432037412309	0.0	0.0	0.0	0.0	0.0	3.277944138661446
ENTBACSYN-PWY	enterobactin biosynthesis	0.0	5.185298308854546	0.0	0.0	3.479124765512742	0.0	5.234933918875232	10.285483656672664	0.0	0.0	15.160959390544958
FAO-PWY	fatty acid &beta;-oxidation I	0.0	1.4986810167388054	1.9979491823997664	2.994697524405125	2.007070197005387	0.0	2.020000869629365	69.76707206597757	0.0	0.5578434602884572	7.612674043759574
FASYN-ELONG-PWY	fatty acid elongation -- saturated	1274.8132105276156	791.7711806745563	767.418181405745	1363.0008516954183	629.2397064594878	434.51778241022754	434.3268696944473	494.26539711525527	421.889656138385	423.6074424563865	437.9465072179536
FASYN-INITIAL-PWY	superpathway of fatty acid biosynthesis initiation (E. coli)	84.29019156491299	154.8247870676406	29.54021239081192	131.65547380871163	28.77950800005638	0.0	12.215456384248856	95.63673483861436	0.0	0.998076278656954	10.541157641508493
FERMENTATION-PWY	mixed acid fermentation	704.4565204464856	810.6260913823121	667.8783453781989	967.558575856864	847.16074421971	54.28623709837806	66.35168990847511	133.7522444241903	20.667269488907927	31.59094394442628	69.66108739318028
FOLSYN-PWY	superpathway of tetrahydrofolate biosynthesis and salvage	1090.1661176883945	791.6532973946075	779.2743980473113	1166.3412223305124	824.1084562316647	188.0838962107966	196.42338222691436	264.2051292686017	120.64508464708072	139.99102389459625	195.8233135580496
FUC-RHAMCAT-PWY	superpathway of fucose and rhamnose degradation	138.55404390973086	334.6862276661175	344.2514841546496	132.7265695662883	409.3030286417792	0.0	4.527898106723104	11.977562562754908	2.638258272231269	2.504709811680196	0.0
FUCCAT-PWY	fucose degradation	205.94370723149905	494.2477811303609	407.124638606502	217.69773345036955	660.3601424595968	8.094674556213018	2.3157894736842106	8.199853049228508	3.1578947368421053	2.24824355971897	0.0
GALACT-GLUCUROCAT-PWY	superpathway of hexuronide and hexuronate degradation	904.320820341877	574.6658234190288	677.2806179118567	960.966754939567	694.7979943888828	43.74900438510419	47.741570020984646	47.13059643779286	22.515008772782657	24.475848167161285	50.61392507934949
GALACTARDEG-PWY	D-galactarate degradation I	0.0	1.8439356710742116	0.0	1.9316189479653825	0.0	0.0	0.0	0.0	0.0	0.0	2.4971098265895955
GALACTUROCAT-PWY	D-galacturonate degradation I	957.475930534627	732.6273148335987	822.4685220629797	1033.5177345110324	814.6166411306913	37.58163163922363	41.133186831512816	40.69325885949189	19.06056305381793	20.752480466950736	43.67236547860375
GALLATE-DEGRADATION-I-PWY	gallate degradation II	0.0	0.0	0.0	0.0	0.0	0.0	0.0	9.0	0.0	0.0	0.0
GALLATE-DEGRADATION-II-PWY	gallate degradation I	0.0	0.0	0.0	0.0	0.0	0.0	0.0	9.0	0.0	0.0	0.0
GLCMANNANAUT-PWY	superpathway of N-acetylglucosamine, N-acetylmannosamine and N-acetylneuraminate degradation	673.2251695200451	877.5311693397052	905.0260174198984	728.5320383080275	1032.9664387090577	78.03168168568486	73.87855212861291	77.6546764396585	34.39147422951229	38.734341724362345	71.75154582461029
GLUCARDEG-PWY	D-glucarate degradation I	7.862270810019799	0.0	7.011445907126173	11.21969001547603	5.531559090746797	0.0	0.0	0.0	0.0	0.0	2.4971098265895955
GLUCARGALACTSUPER-PWY	superpathway of D-glucarate and D-galactarate degradation	0.0	1.8439356710742116	0.0	1.9316189479653825	0.0	0.0	0.0	0.0	0.0	0.0	2.4971098265895955
GLUCONEO-PWY	gluconeogenesis I	1243.8179366387994	1077.7873107155158	1041.5645521796348	1355.268107486285	1115.5461856012537	137.85826550768212	138.38958267636548	219.25212913459347	69.21312952174678	77.46441156267439	143.86798525718973
GLUCOSE1PMETAB-PWY	glucose and glucose-1-phosphate degradation	0.0	0.0	0.0	1.9993469217155064	1.3394646168891964	0.0	3.6932515337423313	37.533452549793424	0.0	0.3939301972685887	4.376470588235294
GLUCUROCAT-PWY	superpathway of &beta;-D-glucuronide and D-glucuronate degradation	938.870513588518	574.9556814746974	668.743256431847	1004.09883961896	713.717814829594	248.30058230260315	245.1683980520692	243.38856968259807	241.55833733860885	240.03136126536663	247.3209792947663
GLUTORN-PWY	L-ornithine biosynthesis	885.5285662527583	832.3975236830855	801.9659806836031	954.5819975379316	941.8753833026956	249.392455450501	248.1747566703792	298.5326514152727	239.9196043541972	240.97523029036012	251.94961313634528
GLYCOCAT-PWY	glycogen degradation I (bacterial)	1499.9496498931371	1410.251926366763	1372.5382177262973	1708.9426704143011	1618.1719097253358	45.80659608706296	44.48020819131421	136.93305922339204	23.890086648989342	24.769263076163195	45.729875091776016
GLYCOGENSYNTH-PWY	glycogen biosynthesis I (from ADP-D-Glucose)	1088.4466602020293	1216.5428103194786	1168.8587696939233	1296.0823404871692	1336.41886301621	55.286346225401296	53.637433870225486	155.85875522918334	29.35689661309849	30.409219690935927	55.13610741964058
GLYCOL-GLYOXDEG-PWY	superpathway of glycol metabolism and degradation	0.0	1.936078590060217	0.0	1.822862052424765	2.3777015330197915	0.0	0.0	17.71011108788637	0.0	0.2647747428166016	3.398950941067572
GLYCOLYSIS	glycolysis I (from glucose 6-phosphate)	1356.7579815582385	1113.917113980439	1098.1343246123988	1552.9021360848246	1103.969893314479	328.292627185954	320.798589093468	366.1285232621325	310.3797141214092	311.35324333251634	325.64447833360083
GLYCOLYSIS-E-D	superpathway of glycolysis and Entner-Doudoroff	6.470969266970421	19.147740706425893	12.843622226850426	31.875809133404463	4.336003492288497	0.0	6.384665626480942	90.72139312282629	0.0	1.2951821516265	20.838803874763062
GLYCOLYSIS-TCA-GLYOX-BYPASS	superpathway of glycolysis, pyruvate dehydrogenase, TCA, and glyoxylate bypass	0.0	5.377555947751872	0.0	6.643897264619297	3.4362872946390057	0.0	4.327794980272244	98.57286866208464	0.0	1.011235112976654	15.066369779917382
GLYOXYLATE-BYPASS	glyoxylate cycle	0.0	1.99737645386454	0.0	1.9985256521877293	2.674340354107496	0.0	1.9690328045014545	51.71137803873831	0.0	0.3970982184303529	6.456172457520485
GOLPDLCAT-PWY	superpathway of glycerol degradation to 1,3-propanediol	0.0	0.0	0.0	5.72319664309743	0.0	0.0	0.0	0.0	0.0	0.0	0.0
HEME-BIOSYNTHESIS-II	heme biosynthesis I (aerobic)	49.43368834904484	48.83407697003385	27.58050462866144	22.2010642405606	11.528135671820763	0.0	1.3313981334997604	48.42822926013921	0.0	0.3877161723089822	4.042556811050956
HEMESYN2-PWY	heme biosynthesis II (anaerobic)	118.455502207036	73.80823902012575	74.67927402397653	92.66713272342152	23.28806920419756	30.079160590328065	1.9919577823269492	71.41395914345802	15.48634348164154	6.316313402749233	10.573454259322297
HEXITOLDEGSUPER-PWY	superpathway of hexitol degradation (bacteria)	7.507442879684908	22.445499782314428	15.13811361336049	31.63280197134506	7.0515585021678335	0.0	6.110594961773892	20.78019343018191	0.0	1.223163094881511	0.0
HISDEG-PWY	L-histidine degradation I	694.96341107851	277.3027019000685	265.04854368932035	732.7306388184724	218.6564050391988	15.0	17.45945945945946	42.09917102670381	5.0	7.341176470588234	20.412141652613823
HISTSYN-PWY	L-histidine biosynthesis	1234.8962066834308	1054.3406685586403	1023.224545470751	1409.9425645109727	1119.0741517656572	259.4657777693121	255.3692966854996	290.84990008679034	244.17249731525317	245.78410257316892	258.9908716090668
HOMOSER-METSYN-PWY	L-methionine biosynthesis I	37.15478857641099	68.66740557034248	24.101865552942563	342.36648807234724	70.46926709399153	285.90002049373953	283.13598448630194	290.97455391733627	282.05855787476287	282.61840321981225	287.0156653883764
HSERMETANA-PWY	L-methionine biosynthesis III	68.28056229182516	113.13475275463112	55.35827518932828	357.3880094502575	71.25706331727187	62.80569480008478	57.375300502106754	161.2538127974995	30.908138144389643	31.65189712042484	61.69982651070804
ILEUSYN-PWY	L-isoleucine biosynthesis I (from threonine)	1324.8519235136264	1300.44466715082	1246.7081572253417	1513.452795247028	1442.244480303171	305.0893731719394	299.42842218754805	365.71826355587285	292.1184217961563	291.810609838394	303.188129033256
KDO-NAGLIPASYN-PWY	superpathway of (Kdo)2-lipid A biosynthesis	0.0	0.0	0.0	7.924973045512622	5.253737551570004	0.0	0.0	0.0	0.0	0.0	9.366425971762238
KETOGLUCONMET-PWY	ketogluconate metabolism	0.0	0.0	0.0	1.9858156028368796	0.0	0.0	0.0	21.443298969072163	0.0	0.0	1.6296296296296295
LACTOSECAT-PWY	lactose and galactose degradation I	62.033760972316	35.58311510974232	53.16739265712508	52.93150684931507	19.434167171645505	0.0	4.101408450704225	0.0	0.0	0.0	0.0
LEU-DEG2-PWY	L-leucine degradation I	0.0	1.4281531752433343	0.0	0.0	0.0	0.0	1.426940052644501	47.615226305441766	0.0	0.3332416373239437	0.7342669702210561
LPSSYN-PWY	superpathway of lipopolysaccharide biosynthesis	0.0	0.0	0.0	0.0	0.0	0.0	0.0	0.0	0.0	0.0	3.9100634650690367
MET-SAM-PWY	superpathway of S-adenosyl-L-methionine biosynthesis	57.05122452576428	103.99714015671904	37.10635377955337	481.1391922059473	106.75688497356109	261.0126189693641	257.52753743314287	280.984387546245	250.3503990761969	250.84621694483576	261.2161897156657
METH-ACETATE-PWY	methanogenesis from acetate	46.47146781010546	43.16053155799002	71.59985377271157	11.620387264865291	43.79794960762766	0.0	0.0	0.0	0.0	0.0	0.0
METHGLYUT-PWY	superpathway of methylglyoxal degradation	0.0	0.0	0.0	1.5653157782295737	1.0716156548665194	0.0	0.0	4.5773311170699085	0.0	0.0	0.0
METHYLGALLATE-DEGRADATION-PWY	methylgallate degradation	0.0	0.0	0.0	0.0	0.0	0.0	0.0	11.1748731190455	0.0	0.0	0.0
NAD-BIOSYNTHESIS-II	NAD salvage pathway II	45.08147845487304	417.5714589015061	349.3002133171549	68.94484485298095	541.53527774089	5.628425440501011	4.677671624686922	13.088083149118562	0.9738588225123196	2.78720350525918	3.8079690215674336
NADSYN-PWY	NAD biosynthesis II (from tryptophan)	0.0	0.0	0.0	0.0	0.0	0.0	1.5695442284678365	22.42805023830873	0.0	0.0	2.028785382542771
NAGLIPASYN-PWY	lipid IVA biosynthesis	807.2432775044372	364.4394798217067	354.2334660706715	811.900822014148	253.6354656287412	16.746777365086306	20.783114785486	55.66326070201236	7.155963302752292	8.343812062502202	21.596972000121603
NONMEVIPP-PWY	methylerythritol phosphate pathway I	1163.1940751169084	1071.1926563678885	1063.506429295432	1321.6575746575174	1162.853001547007	30.65092728999493	26.61315194771199	74.44767354900675	14.2949017936273	14.740740885256796	29.42504653876999
NONOXIPENT-PWY	pentose phosphate pathway (non-oxidative branch)	1533.9442241610816	1630.2261888577675	1614.4824126278918	1765.3456720836657	1799.0922602945911	266.10591434041123	256.5900761276367	320.2521168328311	249.99241982157463	248.73747829184308	260.6687897815236
OANTIGEN-PWY	O-antigen building blocks biosynthesis (E. coli)	512.8138040313682	486.5962300381875	661.243029245732	710.0478588661771	449.6864928333389	269.2593649826001	266.9503348873807	301.1625702672889	255.80332758805488	257.24985683731296	269.099302748842
ORNARGDEG-PWY	superpathway of L-arginine and L-ornithine degradation	0.0	0.0	0.0	2.1356764967189963	1.1405792134553518	0.0	0.0	0.0	0.0	0.0	3.683427111982314
ORNDEG-PWY	superpathway of ornithine degradation	0.0	0.0	0.0	0.0	1.1983911671924292	0.0	0.0	0.0	0.0	0.0	0.0
P101-PWY	ectoine biosynthesis	0.0	0.0	0.0	0.0	0.0	0.0	0.0	25.759487465261948	0.0	0.0	0.0
P105-PWY	TCA cycle IV (2-oxoglutarate decarboxylase)	0.0	12.696454047618822	0.0	11.912684385335494	4.997702373133443	0.0	8.31716800049107	90.4941454850161	0.0	2.1868644294407047	22.162160032284024
P108-PWY	pyruvate fermentation to propanoate I	1106.9566532319611	586.5488775407612	571.7887977998607	1146.8992033870695	445.51119032119465	25.592092547364565	27.95139985525675	60.769583433832985	9.834212645992752	12.46176853805781	29.460973584688617
P122-PWY	heterolactic fermentation	215.9706258401509	55.8528763686224	89.46415811006221	164.6447790106796	73.95579047136961	82.48951939761183	98.13387909969362	171.82918920421557	34.1355359252809	50.66374121330492	102.27794018480182
P124-PWY	Bifidobacterium shunt	249.4956901089143	65.28985281400274	105.18616638583585	190.95083152414568	88.60800747450561	289.2168400330693	286.0648007518843	302.3826670972703	277.1486026330626	277.7827990786012	288.65518289648605
P125-PWY	superpathway of (R,R)-butanediol biosynthesis	0.0	1.4692780147693367	0.0	0.0	0.0	0.0	0.0	5.234354694232342	0.0	0.0	1.498683455773424
P161-PWY	acetylene degradation	480.4880833706285	680.6468240392292	489.4485430439335	685.6022919497145	680.3393239522791	355.8174670768452	346.4715790820952	344.8111367043751	352.8498672472388	351.3924293243891	352.92117613582474
P162-PWY	L-glutamate degradation V (via hydroxyglutarate)	26.64694459813665	23.054567346818214	22.999629565560003	18.45917258364195	8.796754747116216	0.0	0.0	0.0	0.0	0.0	0.0
P163-PWY	L-lysine fermentation to acetate and butanoate	18.06626690229662	38.57663722940421	14.184911328564066	0.0	0.0	0.0	0.0	0.0	0.0	0.0	0.0
P164-PWY	purine nucleobases degradation I (anaerobic)	287.95208774522274	734.0489197831017	537.2864976590686	337.05831372565456	909.0859185404628	12.762224783485255	0.0	0.0	11.4179729104582	6.464397887335934	0.0
P184-PWY	protocatechuate degradation I (meta-cleavage pathway)	0.0	0.0	0.0	0.0	0.0	0.0	0.0	11.398812806124102	0.0	0.0	0.0
P221-PWY	octane oxidation	0.0	0.0	0.0	0.0	0.0	0.0	0.0	29.47775549010325	0.0	0.389465256365428	0.7841865599127444
P23-PWY	reductive TCA cycle I	0.0	0.0	0.0	6.973763286930345	4.665000257812256	0.0	6.258296152419151	63.9458183274568	0.0	1.337607721879171	13.524011748657768
P281-PWY	3-phenylpropanoate degradation	0.0	1.4814814814814814	0.0	0.0	0.0	0.0	0.0	0.0	0.0	0.0	0.0
P341-PWY	glycolysis V (Pyrococcus)	8.717660493380823	163.14585146240475	9.952963335577092	19.856286500802256	9.958053804568234	0.0	0.0	0.0	0.0	0.0	0.0
P4-PWY	superpathway of L-lysine, L-threonine and L-methionine biosynthesis I	108.50156537096272	173.2322059786883	79.1991528458859	568.8755421872926	164.19919466419697	106.63946037383688	94.38487506258946	202.7276380850575	59.70774296100982	59.810439795912096	102.0526009519214
P42-PWY	incomplete reductive TCA cycle	1606.7786135201493	920.3661652138736	913.6033475338262	1670.966631243382	736.3980302037253	58.327044027523456	63.20270055256624	145.68169440309782	24.85001774367777	29.564946067227076	69.63743698231048
P441-PWY	superpathway of N-acetylneuraminate degradation	13.435363458083962	39.38168147482201	26.516828259497508	64.69623791735212	9.042298462771546	0.0	12.840558773814092	122.26773848592345	0.0	2.674803388765233	38.463598692292926
P461-PWY	hexitol fermentation to lactate, formate, ethanol and acetate	3.920635018852446	10.980795296911058	7.322478869032838	18.17281327448705	3.322070825806419	0.0	3.966634581476008	62.213251049369866	0.0	0.7986377668523269	13.223568823492908
P562-PWY	myo-inositol degradation I	17.18390418372754	118.27633609226784	128.37947889135407	23.096977737988475	269.94288999241667	0.0	1.767857142857143	23.24723247232472	0.5892857142857143	0.8253731343283581	3.097056578166087
PANTO-PWY	phosphopantothenate biosynthesis I	891.5537689871206	508.1811854972967	475.1583039781967	900.4837744189983	397.6031016377806	28.89567153155508	35.43755170788704	114.2268400370154	12.659133544685362	15.450699100467949	40.16053439449167
PANTOSYN-PWY	pantothenate and coenzyme A biosynthesis I	956.7484020211086	599.7257858225976	552.6309895927728	1001.6023738412516	485.51868819307794	41.00382795613897	49.629188951139234	129.9254526571931	18.504837051244277	22.103430668286457	55.18339557902262
PENTOSE-P-PWY	pentose phosphate pathway	1020.7377397821912	556.0013308163026	574.6578160521365	1085.9810978639262	461.4781362872278	72.16298457147775	70.53821032231494	155.20563955590066	37.58245053513649	36.70894686371805	77.7388826799562
PEPTIDOGLYCANSYN-PWY	peptidoglycan biosynthesis I (meso-diaminopimelate containing)	1146.2410754899277	1022.1244891431942	996.0069526360352	1298.8323887648392	1075.9152583375685	280.0224337968703	276.5695817623076	316.8370096263772	268.6705638971044	268.5777903200368	278.9487537168688
PHOSLIPSYN-PWY	superpathway of phospholipid biosynthesis I (bacteria)	1092.9392927765896	1136.6104691163296	1098.4503522719951	1290.5621808226886	1247.2433238467172	281.0674531847795	275.8177972232581	330.7945481410445	269.45720626102025	268.9536484035263	278.5825631896705
POLYAMINSYN3-PWY	superpathway of polyamine biosynthesis II	14.640969524470608	8.963488085340423	21.241174097673277	7.786293156748839	10.95517833325088	0.0	0.0	3.598358647164941	0.0	0.5116845578260636	4.213446111489339
POLYAMSYN-PWY	superpathway of polyamine biosynthesis I	89.53141680538296	37.1194647428557	43.4265950659485	91.39525089876813	15.95488907001833	0.0	1.2564612326043738	3.5097076569077585	0.0	0.4681881932933825	4.338933528122718
POLYISOPRENSYN-PWY	polyisoprenoid biosynthesis (E. coli)	982.3098934659102	660.167678141695	640.5690901088918	1063.22205548393	552.1742761240013	246.58965880213927	244.42631538543563	272.13631404625056	239.30300342026507	239.35796766743653	247.2534200006302
PPGPPMET-PWY	ppGpp biosynthesis	0.0	2.4970863657869407	0.0	2.498008558947037	1.6734389569525256	0.0	2.4329019374460663	39.20998601698799	0.0	0.4942336320459641	5.7089600017997695
PROTOCATECHUATE-ORTHO-CLEAVAGE-PWY	protocatechuate degradation II (ortho-cleavage pathway)	0.0	1.5992054525816586	0.0	1.5994733160515162	0.0	0.0	0.0	37.85802387167364	0.0	0.5331836614421822	1.0660768103519784
PRPP-PWY	superpathway of histidine, purine, and pyrimidine biosynthesis	118.07059279378484	230.3150278308963	85.59274861569433	242.90146134685844	63.14738425662487	0.0	25.52095257086988	162.51693697327704	0.0	3.190838015140317	30.14852909973171
PWY-1269	CMP-3-deoxy-D-manno-octulosonate biosynthesis I	724.7804623324429	331.75725756127	320.6201846267932	730.584243774718	229.61989003058912	15.0	18.75	50.0	6.5	7.45	19.46190172303765
PWY-181	photorespiration	0.0	0.0	0.0	0.0	0.0	0.0	0.0	33.575838193793054	0.0	0.0	0.0
PWY-1861	formaldehyde assimilation II (RuMP Cycle)	101.57975877085872	792.9712821919019	634.7067483671392	134.98195175662332	1158.913930917726	10.995553724949026	5.730383299840731	18.592375201580985	1.9450944950219613	5.52194010922157	3.8885858594675846
PWY-2941	L-lysine biosynthesis II	200.14559134894384	65.42411294323567	93.21770941122529	535.5636125312316	109.94796675118104	91.33817858830962	70.73650651695044	183.5430645435077	52.07258202078321	48.68015575913085	79.21482003284943
PWY-2942	L-lysine biosynthesis III	1317.0753193555638	1207.8936509969474	1132.6724963386023	1515.6269844094218	1261.496138189084	260.9746553089992	255.4189874786412	303.45822520656486	245.87209466301576	246.16334774398524	259.9224838545461
PWY-3001	superpathway of L-isoleucine biosynthesis I	1315.318981256024	1184.1464366574312	1138.9624901531806	1480.0622777201625	1264.506726067861	269.83411429260593	266.36417307810814	307.17527947655134	259.1105311812418	259.54331578953	270.130848783974
PWY-3661	glycine betaine degradation I	0.0	2.378682668500629	0.0	0.0	0.0	0.0	0.0	0.0	0.0	0.0	0.0
PWY-3781	aerobic respiration I (cytochrome c)	32.781496062943866	56.73705866518635	29.65266907380461	14.954947929422229	5.9850073496309655	0.0	5.734521224825935	160.73513181110212	0.0	1.9256631356208531	15.119110640550556
PWY-3801	sucrose degradation II (sucrose synthase)	0.0	0.0	0.0	0.0	0.0	0.0	0.0	39.01153108381767	0.0	0.0	0.0
PWY-4361	S-methyl-5-thio-&alpha;-D-ribose 1-phosphate degradation	0.0	0.0	0.0	0.0	0.0	0.0	0.0	0.0	0.0	0.0	1.4377880184331795
PWY-4984	urea cycle	582.7935921229885	432.7681617567629	434.4323198702697	722.5556065461737	398.0462499864195	34.87260547009553	36.987937067429534	54.41796598322511	12.183324658136364	16.885773173121972	40.21304642906058
PWY-5005	biotin biosynthesis II	0.0	0.0	0.0	0.0	0.0	0.0	0.0	14.184057029198248	0.0	0.0	0.0
PWY-5022	4-aminobutanoate degradation V	39.13860513185248	15.529411764705882	20.22112780302488	24.094300202757665	7.614646982935604	0.0	0.0	0.0	0.0	0.0	4.166990291262136
PWY-5028	L-histidine degradation II	0.0	0.0	0.0	2.4949061939404094	0.0	0.0	0.0	26.09475274896323	0.0	0.4804928131416837	5.110360550536181
PWY-5088	L-glutamate degradation VIII (to propanoate)	0.0	0.0	0.0	0.0	2.208867076367694	0.0	0.0	0.0	0.0	0.0	0.0
PWY-5097	L-lysine biosynthesis VI	1317.67150724246	1247.2408946119506	1187.1684959738243	1514.038922399615	1327.7121670603465	84.11134172294193	64.37654990551607	179.377561696466	46.88373261450216	43.74753722328043	72.44076489167891
PWY-5100	pyruvate fermentation to acetate and lactate II	1241.6421437876468	1293.5249860759766	1303.3711199860647	1424.397198834379	1569.5023207695249	365.09321250421937	361.7569529683584	396.4076995356195	354.5634350263916	351.5264472343255	362.2247080855624
PWY-5101	L-isoleucine biosynthesis II	1433.83702000626	1392.6184170503154	1350.9784145902292	1637.9311624141772	1538.970410368597	331.4496846195984	325.36104484012986	394.96030866771423	317.3009075165989	317.0668220270276	329.63269425859545
PWY-5103	L-isoleucine biosynthesis III	1245.361495751603	1195.0347454066405	1159.93548677201	1429.108991039575	1335.1853521821413	293.0234385940347	287.4822604088432	334.87433568890765	280.5403435652205	280.34799853382606	291.54654079700794
PWY-5104	L-isoleucine biosynthesis IV	1304.0548260895102	1347.4345681023806	1341.2104344506863	1486.178344086926	1545.8446299934208	293.4240386426577	289.0643155706374	336.9468013053305	281.86159704670496	280.8272787391823	289.18222129696346
PWY-5121	superpathway of geranylgeranyl diphosphate biosynthesis II (via MEP)	1140.5346918353328	1038.7901548601194	1021.1186436006542	1292.8215049967998	1117.5711140742574	41.95958657024148	36.48134884336636	96.66422150711634	20.26907297159793	20.74932022956689	40.38168852316405
PWY-5154	L-arginine biosynthesis III (via N-acetyl-L-citrulline)	748.7260046036932	540.9659899007386	534.8278599695227	889.7963200477504	438.24099655431314	261.08590973809385	257.61069510660127	314.02371541721027	252.537913552092	252.89436491347536	262.3883442899641
PWY-5177	glutaryl-CoA degradation	0.0	1.9305196237519815	1.9481139583001752	3.832359850600731	2.59521628367904	0.0	0.0	0.0	0.0	0.0	0.0
PWY-5180	toluene degradation I (aerobic) (via o-cresol)	0.0	0.0	0.0	0.0	0.0	0.0	1.991316806321365	3.9638287290319663	0.0	0.0	3.96578316526676
PWY-5182	toluene degradation II (aerobic) (via 4-methylcatechol)	0.0	0.0	0.0	0.0	0.0	0.0	1.991316806321365	3.9638287290319663	0.0	0.0	3.96578316526676
PWY-5188	tetrapyrrole biosynthesis I (from glutamate)	191.9497230097845	332.4625339103031	351.82129314252126	149.7521950291917	463.3219022017128	0.8005305708473205	3.971907251648101	55.70616241354483	0.931545518701482	1.7671851889603678	7.019750941557993
PWY-5189	tetrapyrrole biosynthesis II (from glycine)	199.1652846649207	360.70428393522855	305.5067837272196	180.83832404921296	442.9641941688283	0.6401796593162434	1.665315155604863	58.14362093000098	0.9195402298850576	1.836683921402916	6.254128180718863
PWY-5304	superpathway of sulfur oxidation (Acidianus ambivalens)	46.51	49.51	6.0	15.509999999999998	14.509999999999998	0.0	0.0	0.0	0.0	0.0	1.0
PWY-5345	superpathway of L-methionine biosynthesis (by sulfhydrylation)	64.86828943635915	66.52778663441404	52.603510515748994	99.5922074139622	36.73043953745045	0.0	9.619091846688187	94.21002644541215	0.0	1.8763941196254683	12.923689881270509
PWY-5347	superpathway of L-methionine biosynthesis (transsulfuration)	83.89697516475816	149.11599258789573	54.728875081008496	623.5936692118627	152.902429397641	147.1441667258743	141.01047100909216	240.33138885142785	83.93501734712497	87.7759773728701	149.55565053968567
PWY-5384	sucrose degradation IV (sucrose phosphorylase)	196.2041137462066	254.48961980707975	198.73498299962225	242.8836048851763	199.80175485145216	5.937716262975779	3.971994678989008	37.4012474012474	3.9687072168981024	0.3996883885794414	4.759948545005736
PWY-5415	catechol degradation I (meta-cleavage pathway)	0.0	0.0	0.0	0.0	0.0	0.0	0.7072808934747343	2.929578567312795	0.0	0.0	1.9931213280963955
PWY-5417	catechol degradation III (ortho-cleavage pathway)	0.0	0.0	0.0	0.0	0.0	0.0	0.0	18.18181818181818	0.0	0.2	0.4
PWY-5419	catechol degradation to 2-oxopent-4-enoate II	0.0	0.0	0.0	0.0	0.0	0.0	0.0	0.0	0.0	0.0	1.991381789826704
PWY-5420	catechol degradation II (meta-cleavage pathway)	0.0	0.0	0.0	0.0	0.0	0.0	0.0	0.0	0.0	0.0	1.9926425977952813
PWY-5431	aromatic compounds degradation via &beta;-ketoadipate	0.0	0.0	0.0	0.0	0.0	0.0	0.0	18.18181818181818	0.0	0.2	0.4
PWY-5484	glycolysis II (from fructose 6-phosphate)	1399.0597429963682	1010.765568340702	1015.9491670365294	1564.3793519184198	946.682880489028	352.5911839640705	344.9795049225791	388.7185941818662	333.55412214537927	334.6306852270344	350.2464859540955
PWY-5505	L-glutamate and L-glutamine biosynthesis	681.7453191465352	1065.2023098677528	1062.4778414231907	1014.732243275224	1291.5087006485874	23.121322809895226	5.326748535211895	31.250918877158988	11.607788561095605	10.273452446369118	11.22767638550874
PWY-5509	adenosylcobalamin biosynthesis from cobyrinate a,c-diamide I	343.54681889737896	559.768072467537	493.9104989912141	321.1572304898918	540.9908386589549	12.130394957934431	0.6630469204090677	51.21762654107132	6.46974140854098	4.110155340867825	4.908093289489441
PWY-5531	chlorophyllide a biosynthesis II (anaerobic)	0.0	0.0	0.0	0.0	0.0	0.0	0.0	8.872054858531095	0.0	0.0	0.0
PWY-5647	2-nitrobenzoate degradation I	0.0	0.0	0.0	0.0	0.0	0.0	0.0	0.0	0.0	0.0	1.0
PWY-5651	L-tryptophan degradation to 2-amino-3-carboxymuconate semialdehyde	0.0	0.0	0.0	0.0	0.0	0.0	1.0	16.633663366336634	0.0	0.0	1.3003095975232195
PWY-5654	2-amino-3-carboxymuconate semialdehyde degradation to 2-oxopentenoate	0.0	0.0	0.0	0.0	0.0	0.0	0.0	0.0	0.0	0.0	1.0
PWY-5659	GDP-mannose biosynthesis	1021.1820990540208	576.7617639270269	553.2743435608486	1341.0310811293243	485.536860144722	54.39196466679344	59.44273252615449	152.67168153505048	20.12111918603025	27.63377062486654	61.930908588694834
PWY-5667	CDP-diacylglycerol biosynthesis I	1157.4193473835385	1220.454440116429	1161.1228433984606	1314.5933736000086	1319.505746325067	289.1930173307149	283.8288048784057	350.9172573213437	277.43857569950546	276.754894331744	286.2960039049282
PWY-5676	acetyl-CoA fermentation to butanoate II	0.0	10.437885859068263	26.222023903079634	0.0	0.0	0.0	3.175971078408274	0.0	0.0	0.0	2.8426268319409407
PWY-5677	succinate fermentation to butanoate	0.0	2.156837059773097	0.0	0.0	0.0	0.0	0.0	0.0	0.0	0.0	0.0
PWY-5686	UMP biosynthesis	1289.4318123095684	1172.3555325691266	1121.5989125465687	1458.3847728351293	1221.5492501554652	277.99146071265454	273.52029585736364	321.5399383431007	265.43606778666754	265.1694478580447	276.34901344674995
PWY-5695	urate biosynthesis/inosine 5'-phosphate degradation	1203.2099622799824	827.8705969479358	811.5415865500793	1355.9457029312005	810.3338128024427	288.2994965071479	287.1489217689904	318.4931770716738	277.1949544123274	277.4958990894729	288.0344363572356
PWY-5705	allantoin degradation to glyoxylate III	24.528609613555023	101.24123446487926	36.77092413909217	23.294956826429733	18.978556727681173	0.0	0.0	6.336633663366336	0.0	0.3529411764705882	0.6666666666666666
PWY-5747	2-methylcitrate cycle II	0.0	0.0	0.0	0.0	0.0	0.0	1.0	24.76405630953385	0.0	0.2	0.6601626016260163
PWY-5837	1,4-dihydroxy-2-naphthoate biosynthesis I	6.775386756718842	11.402219939996202	15.672833908585366	3.490049298059152	8.557870077559109	254.6391000011937	254.77214066545903	252.69675440489596	251.86016647205352	252.6174003767176	255.8617353753079
PWY-5838	superpathway of menaquinol-8 biosynthesis I	22.751363542907512	36.33540459629773	48.58031158957843	11.835144763524417	27.03443422493072	108.1140676458201	123.52591535201547	191.93547617870303	52.80518294182917	66.86534842560039	125.8312536891316
PWY-5840	superpathway of menaquinol-7 biosynthesis	22.72947854825857	36.422901684314525	48.73868524271116	11.83226184423974	27.131217001098843	254.0917172684594	256.7997315607213	263.4719781332074	248.38693693704977	249.38172770957743	256.82836825821715
PWY-5845	superpathway of menaquinol-9 biosynthesis	14.026635635483307	21.34958116208244	32.15482610624371	8.911499039351094	19.23661695692635	0.0	0.0	0.0	0.0	0.0	22.066148242660454
PWY-5850	superpathway of menaquinol-6 biosynthesis I	14.026635635483307	21.34958116208244	32.15482610624371	8.911499039351094	19.23661695692635	0.0	0.0	0.0	0.0	0.0	22.066148242660454
PWY-5855	ubiquinol-7 biosynthesis (prokaryotic)	13.518426392838457	39.74970674606066	6.987793906893361	30.316232334149213	7.5427668437932	0.0	2.992783546485988	55.935621310783446	0.0	0.3332402624598632	4.173229111414087
PWY-5856	ubiquinol-9 biosynthesis (prokaryotic)	13.518426392838457	39.74970674606066	6.987793906893361	30.316232334149213	7.5427668437932	0.0	2.992783546485988	55.935621310783446	0.0	0.3332402624598632	4.173229111414087
PWY-5857	ubiquinol-10 biosynthesis (prokaryotic)	13.518426392838457	39.74970674606066	6.987793906893361	30.316232334149213	7.5427668437932	0.0	2.992783546485988	55.935621310783446	0.0	0.3332402624598632	4.173229111414087
PWY-5860	superpathway of demethylmenaquinol-6 biosynthesis I	9.408217664931762	14.48613750137978	22.05929577003428	5.964811628287306	13.16084097651498	0.0	0.0	0.0	0.0	0.0	15.158581251450064
PWY-5861	superpathway of demethylmenaquinol-8 biosynthesis	15.318446263993556	24.96593742658268	33.829759217401296	7.932151529978577	18.69456209990017	84.55600214290274	98.67969687019888	167.18471778795833	38.0130063544078	49.16791988993759	100.88238405787772
PWY-5862	superpathway of demethylmenaquinol-9 biosynthesis	9.408217664931762	14.48613750137978	22.05929577003428	5.964811628287306	13.16084097651498	0.0	0.0	0.0	0.0	0.0	15.158581251450064
PWY-5863	superpathway of phylloquinol biosynthesis	7.736575684537072	13.00962922953866	17.870027179458315	3.987042243048182	9.769017786433764	254.43305196967827	254.02431701494845	256.05722727201794	250.60402009907813	251.2772394935446	255.33786630186853
PWY-5896	superpathway of menaquinol-10 biosynthesis	14.026635635483307	21.34958116208244	32.15482610624371	8.911499039351094	19.23661695692635	0.0	0.0	0.0	0.0	0.0	22.066148242660454
PWY-5897	superpathway of menaquinol-11 biosynthesis	19.981863041665456	32.20701007784732	43.26646865399745	10.376081824882643	23.99462600258016	247.56272181854487	250.1843837632361	256.51439010449457	242.03032324513504	243.00969838955731	250.24050479485683
PWY-5898	superpathway of menaquinol-12 biosynthesis	19.981863041665456	32.20701007784732	43.26646865399745	10.376081824882643	23.99462600258016	247.56272181854487	250.1843837632361	256.51439010449457	242.03032324513504	243.00969838955731	250.24050479485683
PWY-5899	superpathway of menaquinol-13 biosynthesis	19.981863041665456	32.20701007784732	43.26646865399745	10.376081824882643	23.99462600258016	247.56272181854487	250.1843837632361	256.51439010449457	242.03032324513504	243.00969838955731	250.24050479485683
PWY-5910	superpathway of geranylgeranyldiphosphate biosynthesis I (via mevalonate)	71.03421531926114	19.67160480774593	29.30678205558081	60.64574239479816	9.396705444628305	248.65114524126915	247.84303814210915	257.9587223807632	246.85699637253717	246.8297730003674	248.5516787347992
PWY-5913	TCA cycle VI (obligate autotrophs)	1279.76609747321	724.4398707879546	750.1277988443481	1309.4413341517586	632.8159181526988	53.66932789364471	42.75902852908485	85.84294671777955	21.045929430317365	27.191061452513964	56.21901565995526
PWY-5918	superpathay of heme biosynthesis from glutamate	88.52139487323423	99.5933529112448	61.58134941950202	45.40547995157607	27.77654688317643	0.0	1.9373789038776104	52.54737437654936	0.0	0.729285280764215	5.422393684286895
PWY-5920	superpathway of heme biosynthesis from glycine	0.0	3.880417792590821	0.0	3.7834686667853	2.4940063691232988	0.0	0.0	37.47113300594471	0.0	0.0	4.305005200959787
PWY-5941	glycogen degradation II (eukaryotic)	0.0	0.0	0.0	3.992962750004162	0.0	0.0	0.0	0.0	0.0	0.0	0.0
PWY-5971	palmitate biosynthesis II (bacteria and plants)	151.1435681513895	243.39620291733704	54.05522659781984	230.5748227066743	51.46651678862183	0.0	24.10874989035334	174.3994389654659	0.0	1.9939573937401345	20.842265615442702
PWY-5973	cis-vaccenate biosynthesis	1378.9971513558592	1206.1298529326657	1156.7986125795524	1553.0499785347124	1260.4399600899474	384.1650766300062	381.18704542605616	477.664673666984	369.9635258574198	370.7345586315636	386.5927912705002
PWY-5989	stearate biosynthesis II (bacteria and plants)	101.19733181074284	183.78440086011383	35.40347918378701	157.97558033693272	34.44081871870171	0.0	14.68879156824996	116.8810878657483	0.0	1.1978268353857695	12.6718897601176
PWY-6121	5-aminoimidazole ribonucleotide biosynthesis I	1387.7673789006826	1218.0448239276836	1187.024800676442	1541.460188791454	1275.4084924172591	300.2172783007856	297.3158700062967	341.94430553040235	283.066251822316	283.9444469100624	298.81593354191114
PWY-6122	5-aminoimidazole ribonucleotide biosynthesis II	1312.2480032750505	1203.6279011150611	1170.2814517098132	1462.5064487551144	1277.4620152825091	309.5193982570728	305.4611608165509	348.2532292943322	293.56176713658346	294.0148794613152	306.804299195665
PWY-6123	inosine-5'-phosphate biosynthesis I	1273.9797934048472	1057.3402041359714	1030.652329411349	1424.4592725126888	1108.724345405779	257.80988593155894	254.71762571659423	290.05027321843966	243.79403557607444	244.5692392419417	256.92317561477233
PWY-6125	superpathway of guanosine nucleotides de novo biosynthesis II	1056.5685508440513	583.1753640115019	581.7941869342878	1175.8828996213997	500.5212904513024	46.41154411961994	51.6813669866852	132.16537113943423	19.90050158600671	23.63425196012208	59.924015621891314
PWY-6126	superpathway of adenosine nucleotides de novo biosynthesis II	1264.6336818809905	1075.9276733823351	962.9970710306	1500.6316848187855	956.9858010357626	297.0902611652902	291.5473368212477	330.88811169418216	283.7324376151613	283.9452654570626	295.41454559332186
PWY-6147	6-hydroxymethyl-dihydropterin diphosphate biosynthesis I	960.9064897000565	724.7301960142171	672.2874687352677	963.6604616162036	869.3733134768024	58.74853113983548	67.96404577513484	134.26811241656915	23.75074429671798	31.28782888978298	66.43707329815638
PWY-6151	S-adenosyl-L-methionine cycle I	533.0610760913441	707.8265899166565	671.8338667024802	701.8417503834656	680.726713534573	285.95070653789344	280.12875008490187	290.63278111104137	274.6989688332596	274.78791149917924	285.00329849070664
PWY-6163	chorismate biosynthesis from 3-dehydroquinate	1132.3216046472464	1084.071253117178	1070.0316139784247	1292.151031900112	1168.8947190049682	254.76730533656053	250.6069727355036	303.0822523701995	243.43710853926515	243.17642435376408	253.52823651677576
PWY-6182	superpathway of salicylate degradation	0.0	0.0	0.0	0.0	0.0	0.0	0.0	14.29381735677822	0.0	0.0	0.0
PWY-621	sucrose degradation III (sucrose invertase)	977.3745708347396	1320.71324754151	1332.695214516748	1362.764814790647	1538.207395769372	31.48589175973039	13.014436483879855	49.10147197152663	13.624016880874738	12.982938561495498	14.615686810371333
PWY-6263	superpathway of menaquinol-8 biosynthesis II	66.00953753217034	100.6590934294177	51.95165484597099	68.73865320664501	19.96838822452668	0.0	2.9419696124669947	0.0	0.0	0.0	1.4856830371675125
PWY-6269	adenosylcobalamin salvage from cobinamide II	346.1552537329832	563.39247478214	497.0386969851235	323.8884052486262	544.6001071480086	12.28355419706074	0.6741648584609077	50.9638498632079	6.564115023604626	4.15611314309744	4.964983185794544
PWY-6277	superpathway of 5-aminoimidazole ribonucleotide biosynthesis	1312.2480032750505	1203.6279011150611	1170.2814517098132	1462.5064487551144	1277.4620152825091	309.5193982570728	305.4611608165509	348.2532292943322	293.56176713658346	294.0148794613152	306.804299195665
PWY-6282	palmitoleate biosynthesis I (from (5Z)-dodec-5-enoate)	100.73561993493068	183.52639232879105	35.36875398365369	157.11013659205483	34.45803079804779	0.0	14.747042290609771	119.07271113533156	0.0	1.1983238060843648	12.713881202603234
PWY-6317	galactose degradation I (Leloir pathway)	888.2281867757761	1060.155713055825	1042.5854104456107	1146.102995858217	1185.3078833964646	348.94418212684883	341.3867172468366	349.3305489670196	338.07407318215604	338.04396887849475	346.0637737316563
PWY-6338	superpathway of vanillin and vanillate degradation	0.0	0.0	0.0	0.0	0.0	0.0	0.0	11.03128519240805	0.0	0.0	0.0
PWY-6353	purine nucleotides degradation II (aerobic)	295.6844463522679	616.0096057711854	534.7797150923715	423.61201503251147	701.9431879444899	13.16390063316888	17.56812434950471	199.3204021573565	24.1515408383032	16.874126554379846	44.58807455508529
PWY-6383	mono-trans, poly-cis decaprenyl phosphate biosynthesis	0.0	0.0	0.0	0.0	0.0	0.0	0.0	6.906063543646894	0.0	0.0	0.0
PWY-6385	peptidoglycan biosynthesis III (mycobacteria)	1137.8947879188452	1010.3602748289044	987.2405337953307	1287.608148231719	1066.8642629347426	279.6597037871924	276.2021545681357	316.3376236121748	268.4265950224656	268.5777903200368	278.9487537168688
PWY-6386	UDP-N-acetylmuramoyl-pentapeptide biosynthesis II (lysine-containing)	1141.3230771237622	1019.3963722163552	1001.1399282649048	1281.8639849626318	1073.9706015945262	274.84644842495373	271.42000629413945	310.57061643638247	263.7096862887365	263.8054197745789	274.0377535040717
PWY-6387	UDP-N-acetylmuramoyl-pentapeptide biosynthesis I (meso-diaminopimelate containing)	1144.3569109869643	1015.4267670845014	994.9450075786654	1296.3603638570826	1071.9906006873448	287.2262723045224	283.9867042318609	326.15604324550424	275.91164409734535	276.0691310435998	286.53729747832875
PWY-6396	superpathway of 2,3-butanediol biosynthesis	0.0	3.268942412573339	0.0	0.0	0.0	0.0	0.0	13.706879814212314	0.0	0.0	3.9756789318204153
PWY-6397	mycolyl-arabinogalactan-peptidoglycan complex biosynthesis	0.0	0.0	0.0	0.0	0.0	0.0	0.0	3.651213275894423	0.0	0.0	0.0
PWY-6467	Kdo transfer to lipid IVA III (Chlamydia)	721.67	329.42	319.5	726.9199999999998	228.09	15.0	18.75	50.0	6.5	7.45	19.4
PWY-6470	peptidoglycan biosynthesis V (&beta;-lactam resistance)	8.650900824012927	17.483407680429828	17.139461652108004	0.0	5.3497679723893015	255.25584484247287	252.3518801273987	274.1544345156782	248.76065376797996	248.49901664381335	254.01121683957277
PWY-6471	peptidoglycan biosynthesis IV (Enterococcus faecium)	367.4194273718519	161.87536436710334	204.87695484533245	291.99666841103647	111.51542196530804	269.213596696131	265.571951716992	293.6973133438001	261.2562058241997	260.92709526568774	267.7131888489208
PWY-6478	GDP-D-glycero-&alpha;-D-manno-heptose biosynthesis	84.83331848943612	118.97587680871352	68.36223506368088	114.325739760747	79.99922754584686	230.4594999902569	228.4948808507845	233.93801323376096	233.3991983753741	232.26469765138964	231.2635588896576
PWY-6505	L-tryptophan degradation XII (Geobacillus)	0.0	0.0	0.0	0.0	0.0	0.0	0.0	0.0	0.0	0.0	1.2834903295902556
PWY-6507	4-deoxy-L-threo-hex-4-enopyranuronate degradation	1172.4065698712495	825.3213708416969	936.0392439357884	1339.8383107098668	917.4186291955592	56.09500566229359	60.28453775787786	58.59571829706149	24.686836070979226	29.58773978515924	60.71552081296766
PWY-6519	8-amino-7-oxononanoate biosynthesis I	172.89827453596655	267.8450885346626	61.873818347532	261.25090975758553	59.59857513869354	0.0	20.90659529201152	94.40803433453831	0.0	2.082564040107619	18.99460036660629
PWY-6545	pyrimidine deoxyribonucleotides de novo biosynthesis III	142.95222927807112	167.14504923184842	130.6552578206188	116.70471587262776	64.05879159234433	0.0	0.0	14.092303035826236	3.581877152641112	0.0	2.1628239747779605
PWY-6562	norspermidine biosynthesis	0.0	0.0	0.0	2.179905904582544	0.0	0.0	0.0	0.0	0.0	0.0	5.132443280240088
PWY-6572	chondroitin sulfate degradation I (bacterial)	1124.3097089573166	445.8540557190324	501.41019771675946	1229.2312772562832	396.6704856791187	27.301587301587308	24.61538461538462	20.8	10.2970297029703	12.727272727272728	28.06104968073508
PWY-6588	pyruvate fermentation to acetone	103.45864449911848	61.75435745087069	51.37322272788823	30.533616069410773	55.2413911490178	0.0	3.975736270833901	0.0	0.0	0.0	3.975415562092512
PWY-6590	superpathway of Clostridium acetobutylicum acidogenic fermentation	0.0	4.449058152449807	4.450504458434187	8.853936165465475	5.928307867171784	0.0	2.570834789080616	42.90036662688391	0.0	1.3968400422047649	7.959568436073453
PWY-6608	guanosine nucleotides degradation III	301.7546997198962	630.2217094602239	496.3194260672299	345.30806437942806	718.2867623255178	13.713489174211992	9.853984325152858	152.28492692745814	13.704016969155498	9.46014763086241	26.14361460164705
PWY-6609	adenine and adenosine salvage III	1144.1554008401963	1165.162469665889	1140.4648828936918	1364.4126500545651	1394.6030960699527	289.04525979864945	289.5640048975826	308.22562897966844	279.71020077428653	279.6406607760277	287.8178909965174
PWY-6612	superpathway of tetrahydrofolate biosynthesis	987.1694394732156	691.0942055913197	682.2309831589523	1042.026587080277	722.3936949357641	165.17496270372368	175.26452913002052	249.122752666126	96.23475869657622	115.1804680373588	174.12294884479206
PWY-6628	superpathway of L-phenylalanine biosynthesis	9.915205526813317	29.278041051659763	19.666233635542355	19.7150689946982	6.66607895263203	0.0	9.66995262875593	172.30715397124	0.0	3.9447141489611273	25.59353018436597
PWY-6629	superpathway of L-tryptophan biosynthesis	0.0	0.0	0.0	0.0	7.984777701434234	0.0	0.0	0.0	0.0	0.0	0.0
PWY-6630	superpathway of L-tyrosine biosynthesis	9.914783910348715	29.27056455317685	19.66370244160665	19.714707229620817	6.666002334808527	0.0	9.669536334068178	170.7148750989646	0.0	3.944696900258532	25.590399501746376
PWY-6700	queuosine biosynthesis	962.12993786932	474.82105091320113	481.7183324788024	1096.2572565649248	409.6640848710487	28.95465236829741	33.79605979271961	72.83813328305635	10.75835678142672	16.95451025365907	40.39389912817697
PWY-6703	preQ0 biosynthesis	783.1825649000898	379.71060686280026	375.1411218864261	885.6700882881062	313.4708006404754	19.742819231970028	23.816010429069006	73.51450380522444	7.667512847501701	11.357742344228043	28.309913329715577
PWY-6708	ubiquinol-8 biosynthesis (prokaryotic)	13.518426392838457	39.74970674606066	6.987793906893361	30.316232334149213	7.5427668437932	0.0	2.992783546485988	55.935621310783446	0.0	0.3332402624598632	4.173229111414087
PWY-6737	starch degradation V	1592.6682986925591	1306.0093205867774	1258.4195936691162	1819.9309457549252	1478.7450305136606	341.5929378420895	335.82076649379644	365.8696671846832	323.9774727160409	323.97236451180487	338.41327382583614
PWY-6749	CMP-legionaminate biosynthesis I	52.89971685874435	3.3333602825263657	0.6597323211595812	41.48708637336759	5.325862855897046	0.6591131953445902	0.6591007130380078	3.320370195991406	0.0	0.6590897270430061	1.9918162580535472
PWY-6891	thiazole biosynthesis II (Bacillus)	38.72497170877058	52.19626397371822	34.57911559681815	17.81422594571477	9.855565323345711	0.0	0.0	0.0	0.0	0.0	2.31011467363753
PWY-6892	thiazole biosynthesis I (E. coli)	1076.2714512739535	600.6891803836495	546.0724834136648	1070.741255007176	414.4286766691897	26.591731945644472	30.172350052721573	70.96598884550164	11.284715767404336	13.5313815701841	34.82760319842209
PWY-6895	superpathway of thiamin diphosphate biosynthesis II	168.3268852623885	190.5541650105464	136.4686685451561	83.48847624480925	44.9581554365915	0.0	0.0	0.0	0.0	0.0	9.22780600554784
PWY-6897	thiamin salvage II	996.1253562890192	808.2691890278602	640.1802419832161	1045.720622410551	915.3684759651176	250.45503200064687	244.87291118843672	261.5907803259654	240.7589369348866	241.4202115501168	249.40494544657412
PWY-6901	superpathway of glucose and xylose degradation	946.8878472955076	620.3324647154462	635.4548463615117	1079.0054922102297	557.63851874164	105.92022918237704	115.00498570317536	212.66778885076027	49.58151304733682	61.93639229338204	122.31890449999864
PWY-6906	chitin derivatives degradation	0.0	0.0	0.0	0.0	0.0	0.0	0.0	0.0	0.0	0.0	1.6628045700530054
PWY-6969	TCA cycle V (2-oxoglutarate:ferredoxin oxidoreductase)	1346.7160356662753	873.9666894165047	860.5956154991196	1449.8544505802774	786.0254992409112	43.73982585249918	44.64160144342496	106.23948601075618	18.23788667685909	22.041541060195254	51.0010668342582
PWY-7003	glycerol degradation to butanol	157.8620497093384	53.2993325490931	68.52362481424393	71.71127379444778	28.2726855305121	0.0	1.8213220844795937	0.0	0.0	0.0	10.046353076647256
PWY-7013	L-1,2-propanediol degradation	155.81682962041626	9.973814689078417	7.949690433127082	122.42090241385866	15.909356246119888	1.977250771388499	1.9772361575229471	9.95825465548203	0.0	1.9772240632169256	5.974914290492516
PWY-7090	UDP-2,3-diacetamido-2,3-dideoxy-&alpha;-D-mannuronate biosynthesis	24.195576413415772	25.12054928170148	13.62417957322057	21.51717766472767	5.391219557213425	0.0	0.0	0.0	0.0	0.0	0.0
PWY-7094	fatty acid salvage	0.0	1.4986810167388054	0.0	0.0	0.0	0.0	0.0	78.05491082733197	0.0	0.6311998589204981	4.948198532900009
PWY-7097	vanillin and vanillate degradation I	0.0	0.0	0.0	0.0	0.0	0.0	0.0	11.031285192408053	0.0	0.0	0.0
PWY-7098	vanillin and vanillate degradation II	0.0	0.0	0.0	0.0	0.0	0.0	0.0	11.590586452337304	0.0	0.0	0.0
PWY-7111	pyruvate fermentation to isobutanol (engineered)	1394.9336239730562	1391.5972028068345	1321.6177479910637	1606.8355987926172	1537.7195951083756	381.4530814123167	371.7021053962652	455.9366180386125	366.8516579216309	365.649884354264	376.63917636779246
PWY-7159	chlorophyllide a biosynthesis III (aerobic, light independent)	0.0	0.0	0.0	0.0	0.0	0.0	0.0	8.872054858531095	0.0	0.0	0.0
PWY-7184	pyrimidine deoxyribonucleotides de novo biosynthesis I	422.7090600684575	293.5425023451875	239.08318782273383	579.694694259087	189.1775305432278	31.79337215701776	35.74279285068076	100.64138423175788	13.167575408007435	15.72450799251548	41.8896101305557
PWY-7187	pyrimidine deoxyribonucleotides de novo biosynthesis II	468.1131987600542	358.4135303539758	287.9781999513299	646.7616202469549	235.5122453467837	60.41619566305681	66.53049196354443	149.8191845439782	27.26923278154964	32.1540800492302	76.02651695987187
PWY-7196	superpathway of pyrimidine ribonucleosides salvage	1168.643544243206	611.5455228200688	638.7798940717307	1243.927538039019	535.7714371299186	43.577609570433246	48.592826816575545	125.52756567047084	18.500675686579893	21.999637200722173	56.48392992174679
PWY-7197	pyrimidine deoxyribonucleotide phosphorylation	845.1848848695859	341.4403883358046	367.4482961742862	866.6182064633329	283.01365554834365	28.28433779629996	31.76190269885336	89.27542094410245	11.707456064980017	13.979063907336132	37.22006273570737
PWY-7198	pyrimidine deoxyribonucleotides de novo biosynthesis IV	20.307636276187072	29.226841377545828	48.04535071628295	6.941162184125333	28.187848511152698	0.0	0.0	0.0	0.0	0.0	0.0
PWY-7199	pyrimidine deoxyribonucleosides salvage	963.4152518338628	603.7162517380691	709.7203981535238	1130.227710417288	541.340278769634	252.2036604888995	248.79845745827905	261.90982925899795	241.252766574275	241.4911120011135	251.0500175105287
PWY-7200	superpathway of pyrimidine deoxyribonucleoside salvage	520.3288993561216	326.9897575322146	302.3592980405633	679.2260502219351	227.9329048075256	45.63057955884802	50.72400806818016	124.02451026027964	19.764466392733617	23.442894604698807	58.60166937830444
PWY-7208	superpathway of pyrimidine nucleobases salvage	1321.2169503154491	1188.4471840118645	1154.3532602706289	1482.7756523771957	1263.0365546486034	336.0898005237296	331.0811687966451	372.8853107032719	322.329590920236	322.2403515342372	333.59798465936143
PWY-7210	pyrimidine deoxyribonucleotides biosynthesis from CTP	28.240126800246284	39.31214494746885	61.09765033203134	9.850540154263475	36.71864765166251	0.0	0.0	0.0	0.0	0.0	0.0
PWY-7211	superpathway of pyrimidine deoxyribonucleotides de novo biosynthesis	66.43305131120147	150.66599697258582	111.8534860260363	147.06015841981596	67.81097737282121	0.0	14.109598056010691	113.03250848739388	0.0	1.6985894289796526	16.79314361767159
PWY-7219	adenosine ribonucleotides de novo biosynthesis	1341.1868407701074	1196.1346970978454	1161.62480638187	1510.3974921746649	1270.9607521676146	291.5221419446264	286.9722004608935	331.7024840327263	277.9743791450145	278.1430660150066	289.86942143925114
PWY-722	nicotinate degradation I	0.0	0.0	0.0	0.0	0.0	0.0	0.0	17.454545454545453	0.0	0.2181818181818181	1.5272727272727271
PWY-7220	adenosine deoxyribonucleotides de novo biosynthesis II	1175.1955523016916	948.794044792188	784.2069773578024	1551.80074054714	719.8719804009033	309.0400050467639	298.27165819274325	329.8084819350488	293.9455613413872	294.75870936174846	305.9358412672756
PWY-7221	guanosine ribonucleotides de novo biosynthesis	1265.9364390386452	1095.755305376673	970.1527821215872	1409.049787992866	1146.187042623351	257.0132795914429	254.29172659552293	293.1615442007776	243.98243365957015	244.11245598112183	256.28145960720224
PWY-7222	guanosine deoxyribonucleotides de novo biosynthesis II	1175.1955523016916	948.794044792188	784.2069773578024	1551.80074054714	719.8719804009033	309.0400050467639	298.27165819274325	329.8084819350488	293.9455613413872	294.75870936174846	305.9358412672756
PWY-7228	superpathway of guanosine nucleotides de novo biosynthesis I	1012.9262904927735	527.6282724808185	526.9312454509795	1101.449139424928	446.0085516053907	40.814862631029285	45.64225309175283	121.65180120693591	17.256473765996013	20.53763524005353	53.12916977980989
PWY-7229	superpathway of adenosine nucleotides de novo biosynthesis I	1301.60008350484	1144.8495394764718	1056.571725159076	1551.297232700999	1091.442833720186	305.9773638550369	299.8743130503692	342.61569032352094	292.0922048999908	292.32382877593204	304.2132707459285
PWY-7234	inosine-5'-phosphate biosynthesis III	249.4969965926722	124.2500268740919	110.35844716251792	248.14275925672612	42.37551756097021	246.74911555978795	245.65149554620712	278.9648912649048	239.16263297340703	239.57413480770924	247.11812394124303
PWY-7237	myo-, chiro- and scillo-inositol degradation	667.0	319.0	358.5	706.25	451.5	15.0	16.5	50.0	5.5	7.900000000000001	23.05
PWY-7242	D-fructuronate degradation	1202.1532600206012	967.8018632318856	1007.4670930774072	1381.964853293861	1032.8385162635757	257.63028007704025	254.01791221794716	256.4125066609847	245.00753593947587	244.6714898085791	256.12836801032915
PWY-7254	TCA cycle VII (acetate-producers)	0.0	2.9938093788306466	0.0	5.9820223134270005	2.0073828125555284	0.0	2.8895092526762074	77.59455068593316	0.0	1.1680325041291617	14.673567739098594
PWY-7315	dTDP-N-acetylthomosamine biosynthesis	60.22399041146184	90.98786127671634	344.06157831108214	54.431299066993645	140.17438135291368	0.9982404492351786	0.0	9.846707035250686	0.0	0.0	3.9720988456331
PWY-7323	superpathway of GDP-mannose-derived O-antigen building blocks biosynthesis	887.4482610309768	456.0445091597768	472.73332671006455	960.0759008823346	343.6935368743862	25.146388506702436	28.88810766008413	57.36232811824644	9.661205340985056	12.330930238161528	29.2835725591124
PWY-7328	superpathway of UDP-glucose-derived O-antigen building blocks biosynthesis	233.8905384504077	192.23117525383157	153.8244275846958	414.0924214160533	107.71141870218842	27.82863320919476	28.965699430992967	58.023764652096304	10.28626012228376	13.556710823786856	32.390604958749044
PWY-7332	superpathway of UDP-N-acetylglucosamine-derived O-antigen building blocks biosynthesis	115.99860811489988	111.94958853148152	72.490658033926	94.17826385456904	58.23671277781836	0.0	0.0	0.0	0.0	0.0	0.0
PWY-7371	1,4-dihydroxy-6-naphthoate biosynthesis II	23.500000000000004	39.99999999999999	19.0	24.5	7.0	0.0	1.0	0.0	0.0	0.0	0.5
PWY-7374	1,4-dihydroxy-6-naphthoate biosynthesis I	20.665829145728644	29.370629370629374	17.674418604651162	15.016129032258066	5.384615384615384	0.0	0.0	0.0	0.0	0.0	0.5
PWY-7376	cob(II)yrinate a,c-diamide biosynthesis II (late cobalt incorporation)	0.0	0.0	0.0	0.0	0.0	0.0	0.0	29.570384226835237	0.0	0.6519707112797368	1.1847532771871574
PWY-7392	taxadiene biosynthesis (engineered)	225.4220569409984	68.09127615753562	98.91385346733466	203.4977477867662	36.48710423646644	39.45798838742762	34.27447188413497	90.96299689513252	18.93916039775273	19.39267533550705	38.07882947249258
PWY-7400	L-arginine biosynthesis IV (archaebacteria)	715.7059551219253	880.8339790494387	851.7510620537813	883.7869990671367	985.1184161831932	291.0507066588858	287.62768233827643	343.16949068964794	280.6395426398696	281.0157362206762	291.40441581520366
PWY-7431	aromatic biogenic amine degradation (bacteria)	0.0	0.0	0.0	0.0	0.0	0.0	0.0	31.18556701030928	0.0	0.2620087336244541	1.7853810264385692
PWY-7446	sulfoglycolysis	0.0	0.0	0.0	1.1428571428571428	0.0	0.0	0.0	0.0	0.0	0.0	0.0
PWY-7456	mannan degradation	756.3794072692892	345.4593178926535	329.55288506529973	840.439306593297	258.1962911172959	21.83996949192318	25.82506419411964	31.823986782000198	8.597331557562722	10.762585169273692	25.220989822588106
PWY-7527	L-methionine salvage cycle III	0.0	0.0	0.0	0.0	0.0	0.0	0.0	0.0	0.0	0.0	1.3197749451182663
PWY-7539	6-hydroxymethyl-dihydropterin diphosphate biosynthesis III (Chlamydia)	960.3729388044914	653.5269302156411	608.1751278744053	948.0292491421789	706.5696974514698	58.72014362158916	67.96404577513484	132.93451422869327	23.75567695991124	31.28277666923017	66.43008635963109
PWY-7560	methylerythritol phosphate pathway II	1163.1940751169084	1071.1926563678885	1063.506429295432	1321.6575746575174	1162.853001547007	30.65092728999493	26.61315194771199	74.44767354900675	14.2949017936273	14.740740885256796	29.42504653876999
PWY-7616	methanol oxidation to carbon dioxide	0.0	0.0	0.0	0.0	0.0	0.0	0.0	8.584872625211112	0.0	0.0	0.0
PWY-7663	gondoate biosynthesis (anaerobic)	1486.695126098268	1284.8005299464307	1226.2892985356273	1671.8191278656664	1329.751407134402	556.7884375850172	553.3860801642037	635.9129221217806	542.8640533477517	543.666285012922	557.5697543491805
PWY-7664	oleate biosynthesis IV (anaerobic)	116.08167620340222	208.71235367408025	41.0488452879561	180.1911342222969	40.01312623063004	0.0	17.124961302992475	134.49064390338668	0.0	1.3975056870606284	14.773857302174603
PWY-841	superpathway of purine nucleotides de novo biosynthesis I	1152.835371287714	703.4702134221626	702.6848694461786	1266.675563099565	629.1921023489109	67.04229515384812	73.94510448774693	170.6629915057363	30.073548495157027	35.46605667951029	84.56023027440442
PWY-922	mevalonate pathway I	50.69331751553881	13.85276331703213	20.704582722016053	43.07645754913437	6.595441359749068	246.83278286570223	247.107780006464	246.42649681491773	248.93076923076927	248.83241041372037	246.6684187197978
PWY0-1061	superpathway of L-alanine biosynthesis	29.318971580773173	32.41784910032548	52.24783860333258	11.93749967793814	35.14609953402081	273.5683195538613	272.1941866589959	311.0273034527074	267.55391595560803	268.00857721942924	275.42318728657284
PWY0-1241	ADP-L-glycero-&beta;-D-manno-heptose biosynthesis	25.22246014883276	32.94336980315978	23.90639223950476	14.005601450781135	5.957557212830592	0.0	0.0	39.07067736629617	0.0	0.3331423086290634	4.793597357864747
PWY0-1261	anhydromuropeptides recycling	13.740322141793612	74.16038483536511	39.344396322658646	27.284144111023046	9.193105863050292	0.0	13.420567980746505	220.36646112280707	0.0	2.774000434423572	41.73664796022301
PWY0-1296	purine ribonucleosides degradation	608.2241613656382	1025.9661138848887	1007.984014651113	839.0559412650259	1463.9227923718877	247.42574257425744	245.40008608253805	256.87024389995736	241.76242981491936	241.35490533234892	245.08914316492135
PWY0-1297	superpathway of purine deoxyribonucleosides degradation	499.54688855375264	791.6926867699771	635.0625931462541	718.5481877349871	1030.426536753043	246.2181077764025	241.84869273771656	254.38756551191236	241.42445618344263	240.1990990696756	243.99574182651637
PWY0-1298	superpathway of pyrimidine deoxyribonucleosides degradation	506.9295898716509	795.3440676428613	608.9862432934971	722.2880381671473	861.0189867015864	271.6341240615298	264.3542679147663	272.59752827628535	266.9829537216641	265.0590171706351	268.650524219871
PWY0-1319	CDP-diacylglycerol biosynthesis II	1157.4193473835385	1220.454440116429	1161.1228433984606	1314.5933736000086	1319.505746325067	289.1930173307149	283.8288048784057	350.9172573213437	277.43857569950546	276.754894331744	286.29600390492817
PWY0-1338	polymyxin resistance	17.041991195394512	28.792298716452745	26.35317295727914	13.942557053941908	8.273608837667192	0.0	0.0	22.5503355704698	0.0	0.2222222222222222	2.5384615384615383
PWY0-1415	superpathway of heme biosynthesis from uroporphyrinogen-III	2.927085640184961	8.312372104335155	5.521342742754405	5.446209360100522	1.873765591948796	0.0	0.0	9.527201528053128	0.0	0.0	4.206234374937017
PWY0-1479	tRNA processing	2.967731788211355	10.494211877420456	5.805782793707706	5.751467504012934	1.9817190751125884	0.0	0.0	0.0	0.0	0.0	5.247838868002817
PWY0-1533	methylphosphonate degradation I	0.0	1.775211312338042	0.0	3.196440588415228	1.1895374391788969	0.0	0.0	44.61454346637508	0.0	0.3513633014001474	4.03873121869783
PWY0-1586	peptidoglycan maturation (meso-diaminopimelate containing)	1082.8581529959094	917.72182646738	783.241131797253	1190.5216088123534	1246.7772565628777	324.0192404526542	315.50992365990703	352.8110258989776	317.51655120378626	316.4444030858246	320.5051979179276
PWY0-162	superpathway of pyrimidine ribonucleotides de novo biosynthesis	1160.1698840786269	695.7866468449171	714.6542953539794	1260.7428863331395	627.8172127992435	57.38360760577493	63.570372772753934	155.6548065741422	25.141410917235927	29.756888177891504	73.20771832050158
PWY0-166	superpathway of pyrimidine deoxyribonucleotides de novo biosynthesis (E. coli)	463.26206038557433	350.4557315323864	280.3474823165617	638.1678266802166	228.5965209809536	61.06191679817356	67.38527192024293	154.0481925721258	27.41553918131177	32.35416966086565	77.10566009968163
PWY0-321	phenylacetate degradation I (aerobic)	0.0	0.0	0.0	0.0	0.0	0.0	0.0	38.810897809430095	0.0	0.0	0.0
PWY0-41	allantoin degradation IV (anaerobic)	0.4968994235578126	6.49100000177099	3.9569097800243593	0.0	0.4998087939630177	0.0	0.0	0.0	0.0	0.0	0.0
PWY0-42	2-methylcitrate cycle I	0.0	0.0	0.0	0.0	0.0	0.0	1.0	25.731903860976804	0.0	0.2	0.7381818181818182
PWY0-781	aspartate superpathway	90.77017284626716	149.74137580568868	64.49728327681909	370.2133714748627	91.66586644403829	95.82348499152438	85.4855723666997	194.0291063120234	50.76886436228118	52.830995770840005	90.29609671037316
PWY0-845	superpathway of pyridoxal 5'-phosphate biosynthesis and salvage	856.2640206204037	396.3473796627057	427.6855366489045	925.9238320840416	363.0457037407069	29.69122774148176	33.02253514716889	82.91255236958347	11.081468069017845	14.84099375366308	36.80100518710169
PWY0-862	(5Z)-dodec-5-enoate biosynthesis	100.27845891159036	182.0163589373504	35.30895993350344	156.1335529997788	34.406098891995384	0.0	14.733752740294396	118.26245527564572	0.0	1.1982368054250097	12.704051701547488
PWY1G-0	mycothiol biosynthesis	0.0	0.0	0.0	0.0	0.0	0.0	0.0	4.099099099099099	0.0	0.0	0.0
PWY490-3	nitrate reduction VI (assimilatory)	111.32859104181216	197.6700009510304	189.761953541311	116.78337682070708	411.1416780356313	0.4947206020696143	2.736209774791328	23.093019026207177	0.7492771781033153	1.2430287480208315	2.989707698641416
PWY4FS-7	phosphatidylglycerol biosynthesis I (plastidic)	1058.4444837035885	1088.573608163642	1060.5667578679925	1278.5437722386705	1203.495031237753	275.89942052164105	270.7878465526716	321.6672437706722	264.38661306009965	264.0420964734451	273.7162494901552
PWY4FS-8	phosphatidylglycerol biosynthesis II (non-plastidic)	1058.4444837035885	1088.573608163642	1060.5667578679925	1278.5437722386705	1203.495031237753	275.89942052164105	270.7878465526716	321.6672437706722	264.38661306009965	264.04209647344504	273.7162494901552
PWYG-321	mycolate biosynthesis	120.4341544689739	216.03879450254288	42.62034532558283	186.85940207541543	41.53823023654836	0.0	17.66654093515071	137.0700627034005	0.0	1.4501136691542869	15.263503994371694
PYRIDNUCSAL-PWY	NAD salvage pathway I	1045.0570357918314	938.8194759905402	953.8245890166146	1202.983692250819	1034.2132219879247	36.71071296212965	30.742437268972065	54.83083837629195	15.81062921248122	16.394711091300838	30.90915914094486
PYRIDNUCSYN-PWY	NAD biosynthesis I (from aspartate)	1013.6604900760324	887.0015350050622	777.9230480349892	1139.209705905569	959.8269183270723	36.005829234473524	31.8091573291118	86.59173541515116	15.646008037295402	17.262841978013565	36.12651461709528
PYRIDOXSYN-PWY	pyridoxal 5'-phosphate biosynthesis I	778.7323720075178	311.2496271373226	332.93990083680626	811.355518014711	262.1787025325399	19.081540659627528	21.846408524774677	56.55208597029764	7.156163871725538	9.364302504738149	24.078605540558943
REDCITCYC	TCA cycle VIII (helicobacter)	0.0	3.492630482426588	6.969041903560404	6.97808046038698	2.3415741864468944	0.0	6.579411144594019	133.8486439708097	0.0	1.3728390508369932	17.611071291443697
RHAMCAT-PWY	L-rhamnose degradation I	954.6446072542348	407.8763437851072	413.1288381779288	1005.4087978021726	361.2755436678309	21.73367686501905	20.49464459591042	19.891457612502908	9.225863596102746	10.70808588396528	25.175478430100547
RIBOSYN2-PWY	flavin biosynthesis I (bacteria and plants)	958.1157923277505	687.087333857685	642.0502463610508	1013.4944134556548	704.1278809729433	248.44600000000003	249.3423490506795	286.64389235944424	240.94602237414543	241.1229709702775	251.6705878919257
RUMP-PWY	formaldehyde oxidation I	74.93047127670908	372.6979043488172	340.52029042771244	99.0293328455344	336.64795935842454	8.813214169086365	4.452545391245215	14.53315733349393	1.4945396436575122	4.451368123014213	2.979130224008803
SALVADEHYPOX-PWY	adenosine nucleotides degradation II	182.76669611410475	486.2286004389627	414.90334913736496	288.3893102766258	682.1388564549442	7.386940362965137	12.186852277696593	164.31007849069212	16.88454477591958	11.706712958709035	31.783082046269545
SER-GLYSYN-PWY	superpathway of L-serine and glycine biosynthesis I	1163.6176118361532	1097.751648804797	1035.271625938842	1334.245378519126	1154.5347080969605	254.23174294060368	250.28331945744625	318.8161113283944	242.99533028191533	243.04983415781973	253.24830161217608
SO4ASSIM-PWY	sulfate reduction I (assimilatory)	56.221530466111005	268.36761291929355	268.489540988184	83.17363645870319	287.77322638600793	5.227175858835564	5.227175858835564	58.10267676229071	0.9302325581395348	2.90849622471133	10.877450012648746
SULFATE-CYS-PWY	superpathway of sulfate assimilation and cysteine biosynthesis	119.37611458130874	431.0292763858955	440.0730279220394	172.9803851325199	439.8722007515427	11.493051167905914	11.489919324719557	108.21427299660628	2.0839948909997865	6.4569241792254015	23.34523040941396
TCA	TCA cycle I (prokaryotic)	1275.6821703776554	781.9853510205755	783.0102565489692	1361.0357368556145	708.6380656555909	43.31546783235523	44.40351697719888	111.53729823107476	17.769493836885136	21.798102953775928	51.59866382432446
TCA-GLYOX-BYPASS	superpathway of glyoxylate bypass and TCA	0.0	2.9923467957759806	0.0	3.593663067670556	2.406539222126602	0.0	2.870699455755731	66.9073421805367	0.0	0.7044870094766563	10.263063199717772
TEICHOICACID-PWY	teichoic acid (poly-glycerol) biosynthesis	56.56415856507945	42.40446520976962	26.537221576279777	155.6549280292623	60.5168082802556	44.49786255941208	40.20117404788336	56.0488781739776	14.118689776518032	22.18133314959798	44.8648937068201
THISYN-PWY	superpathway of thiamin diphosphate biosynthesis I	1036.595391237124	568.6965445600363	521.834358907021	1066.6608756208666	410.2246232108668	28.624783536173464	34.82039938894867	86.54185703675007	12.743607712672793	14.308314550644496	36.13098845001622
THRESYN-PWY	superpathway of L-threonine biosynthesis	1337.830193328429	1138.428740365144	1088.641068890601	1479.7421492950798	1172.3861274661344	250.53349000607523	248.2649863654472	282.102819811415	240.959099001541	241.72403984078707	251.82607507903904
TRNA-CHARGING-PWY	tRNA charging	1163.6648525196974	1057.335068780775	1027.9516406872572	1310.209249165106	1137.9635122282552	135.52950874840053	124.13350386073164	227.4239967889037	82.01659008116773	83.47324936002094	129.0777293657157
TRPSYN-PWY	L-tryptophan biosynthesis	1047.2931207812303	752.2349541642794	879.5486835942244	1179.5764819761887	885.2425921813258	277.4034141958671	275.331654514459	315.705467683622	266.7714904860129	269.01379005035693	280.2526303819696
TYRFUMCAT-PWY	L-tyrosine degradation I	0.0	0.0	0.0	0.0	0.0	0.0	1.0	36.87183586464162	0.0	0.25	0.7893175074183976
UBISYN-PWY	superpathway of ubiquinol-8 biosynthesis (prokaryotic)	13.219012230268168	39.39465885962475	6.789134955406566	30.47758685756408	7.487658254181097	0.0	3.0811068386560474	54.298844924337246	0.0	0.3414658460627614	4.189301938836687
UDPNAGSYN-PWY	UDP-N-acetyl-D-glucosamine biosynthesis I	300.86031328063103	305.88255677696634	455.50746816039583	435.4457188424595	272.68101277793744	240.8286124246211	239.04823654971136	271.89899701696964	237.06116501979668	237.0331551629592	240.97100495515724
VALSYN-PWY	L-valine biosynthesis	1324.8519235136264	1300.44466715082	1246.7081572253417	1513.452795247028	1442.244480303171	305.0893731719394	299.42842218754805	365.71826355587285	292.1184217961563	291.810609838394	303.188129033256
